"Qualifying Name","Name of Area","FIPS","Nation","State","County","Metropolitan Statistical Area","Cumulative Number of Confirmed Cases as of Jan 1 2021","Cumulative Number of Deaths as of Jan 1 2021","Number of Currently Hospitalized as of Jan 1 2021","Number of Negative Tests as of Jan 1 2021","Number of Positive Tests as of Jan 1 2021","Cumulative Number of Vaccination Doses Distributed as of Jan 1 2021","Cumulative Number of Vaccination Doses Administered as of Jan 1 2021","Cumulative Vaccination Doses Distributed Rate per 100,000 as of Jan 1 2021","Cumulative Vaccination Doses Administered Rate per 100,000 as of Jan 1 2021","Change of Confirmed Cases as of Jan 1 2021","Growth Rate of Cumulative Cases as of Jan 1 2021 from Previous Day","Growth Rate of Cumulative Deaths as of Jan 1 2021 from Previous Day","Change in Cumulative Confirmed Cases as of Jan 1 2021 from Previous Week","Percent Change in Cumulative Confirmed Cases as of Jan 1 2021 from Previous Week","Change in Cumulative Confirmed Cases as of Jan 1 2021 from Previous Month","Percent Change in Cumulative Confirmed Cases as of Jan 1 2021 from Previous Month","Change in Cumulative Deaths as of Jan 1 2021 from Previous Week","Percent Change in Cumulative Deaths as of Jan 1 2021 from Previous Week","Change in Cumulative Deaths as of Jan 1 2021 from Previous Month","Percent Change in Cumulative Deaths as of Jan 1 2021 from Previous Month","Cumulative Percent of Population with Confirmed Cases as of Jan 1 2021","Cumulative Percent of Population Deaths as of Jan 1 2021","Cumulative Confirmed Cases Rate per 100,000 as of Jan 1 2021","Cumulative Death Rate per 100,000 as of Jan 1 2021","Cumulative Number of Confirmed Cases as of Feb 1 2021","Cumulative Number of Deaths as of Feb 1 2021","Number of Currently Hospitalized as of Feb 1 2021","Number of Negative Tests as of Feb 1 2021","Number of Positive Tests as of Feb 1 2021","Cumulative Number of Vaccination Doses Distributed as of Feb 1 2021","Cumulative Number of Vaccination Doses Administered as of Feb 1 2021","Cumulative Vaccination Doses Distributed Rate per 100,000 as of Feb 1 2021","Cumulative Vaccination Doses Administered Rate per 100,000 as of Feb 1 2021","Change of Confirmed Cases as of Feb 1 2021","Growth Rate of Cumulative Cases as of Feb 1 2021 from Previous Day","Growth Rate of Cumulative Deaths as of Feb 1 2021 from Previous Day","Change in Cumulative Confirmed Cases as of Feb 1 2021 from Previous Week","Percent Change in Cumulative Confirmed Cases as of Feb 1 2021 from Previous Week","Change in Cumulative Confirmed Cases as of Feb 1 2021 from Previous Month","Percent Change in Cumulative Confirmed Cases as of Feb 1 2021 from Previous Month","Change in Cumulative Deaths as of Feb 1 2021 from Previous Week","Percent Change in Cumulative Deaths as of Feb 1 2021 from Previous Week","Change in Cumulative Deaths as of Feb 1 2021 from Previous Month","Percent Change in Cumulative Deaths as of Feb 1 2021 from Previous Month","Cumulative Percent of Population with Confirmed Cases as of Feb 1 2021","Cumulative Percent of Population Deaths as of Feb 1 2021","Cumulative Confirmed Cases Rate per 100,000 as of Feb 1 2021","Cumulative Death Rate per 100,000 as of Feb 1 2021","Cumulative Number of Confirmed Cases as of Mar 1 2021","Cumulative Number of Deaths as of Mar 1 2021","Number of Currently Hospitalized as of Mar 1 2021","Number of Negative Tests as of Mar 1 2021","Number of Positive Tests as of Mar 1 2021","Cumulative Number of Vaccination Doses Distributed as of Mar 1 2021","Cumulative Number of Vaccination Doses Administered as of Mar 1 2021","Cumulative Vaccination Doses Distributed Rate per 100,000 as of Mar 1 2021","Cumulative Vaccination Doses Administered Rate per 100,000 as of Mar 1 2021","Change of Confirmed Cases as of Mar 1 2021","Growth Rate of Cumulative Cases as of Mar 1 2021 from Previous Day","Growth Rate of Cumulative Deaths as of Mar 1 2021 from Previous Day","Change in Cumulative Confirmed Cases as of Mar 1 2021 from Previous Week","Percent Change in Cumulative Confirmed Cases as of Mar 1 2021 from Previous Week","Change in Cumulative Confirmed Cases as of Mar 1 2021 from Previous Month","Percent Change in Cumulative Confirmed Cases as of Mar 1 2021 from Previous Month","Change in Cumulative Deaths as of Mar 1 2021 from Previous Week","Percent Change in Cumulative Deaths as of Mar 1 2021 from Previous Week","Change in Cumulative Deaths as of Mar 1 2021 from Previous Month","Percent Change in Cumulative Deaths as of Mar 1 2021 from Previous Month","Cumulative Percent of Population with Confirmed Cases as of Mar 1 2021","Cumulative Percent of Population Deaths as of Mar 1 2021","Cumulative Confirmed Cases Rate per 100,000 as of Mar 1 2021","Cumulative Death Rate per 100,000 as of Mar 1 2021","Cumulative Number of Confirmed Cases as of Apr 1 2021","Cumulative Number of Deaths as of Apr 1 2021","Number of Currently Hospitalized as of Apr 1 2021","Number of Negative Tests as of Apr 1 2021","Number of Positive Tests as of Apr 1 2021","Cumulative Number of Vaccination Doses Distributed as of Apr 1 2021","Cumulative Number of Vaccination Doses Administered as of Apr 1 2021","Cumulative Vaccination Doses Distributed Rate per 100,000 as of Apr 1 2021","Cumulative Vaccination Doses Administered Rate per 100,000 as of Apr 1 2021","Change of Confirmed Cases as of Apr 1 2021","Growth Rate of Cumulative Cases as of Apr 1 2021 from Previous Day","Growth Rate of Cumulative Deaths as of Apr 1 2021 from Previous Day","Change in Cumulative Confirmed Cases as of Apr 1 2021 from Previous Week","Percent Change in Cumulative Confirmed Cases as of Apr 1 2021 from Previous Week","Change in Cumulative Confirmed Cases as of Apr 1 2021 from Previous Month","Percent Change in Cumulative Confirmed Cases as of Apr 1 2021 from Previous Month","Change in Cumulative Deaths as of Apr 1 2021 from Previous Week","Percent Change in Cumulative Deaths as of Apr 1 2021 from Previous Week","Change in Cumulative Deaths as of Apr 1 2021 from Previous Month","Percent Change in Cumulative Deaths as of Apr 1 2021 from Previous Month","Cumulative Percent of Population with Confirmed Cases as of Apr 1 2021","Cumulative Percent of Population Deaths as of Apr 1 2021","Cumulative Confirmed Cases Rate per 100,000 as of Apr 1 2021","Cumulative Death Rate per 100,000 as of Apr 1 2021","Cumulative Number of Confirmed Cases as of May 1 2021","Cumulative Number of Deaths as of May 1 2021","Number of Currently Hospitalized as of May 1 2021","Number of Negative Tests as of May 1 2021","Number of Positive Tests as of May 1 2021","Cumulative Number of Vaccination Doses Distributed as of May 1 2021","Cumulative Number of Vaccination Doses Administered as of May 1 2021","Cumulative Vaccination Doses Distributed Rate per 100,000 as of May 1 2021","Cumulative Vaccination Doses Administered Rate per 100,000 as of May 1 2021","Change of Confirmed Cases as of May 1 2021","Growth Rate of Cumulative Cases as of May 1 2021 from Previous Day","Growth Rate of Cumulative Deaths as of May 1 2021 from Previous Day","Change in Cumulative Confirmed Cases as of May 1 2021 from Previous Week","Percent Change in Cumulative Confirmed Cases as of May 1 2021 from Previous Week","Change in Cumulative Confirmed Cases as of May 1 2021 from Previous Month","Percent Change in Cumulative Confirmed Cases as of May 1 2021 from Previous Month","Change in Cumulative Deaths as of May 1 2021 from Previous Week","Percent Change in Cumulative Deaths as of May 1 2021 from Previous Week","Change in Cumulative Deaths as of May 1 2021 from Previous Month","Percent Change in Cumulative Deaths as of May 1 2021 from Previous Month","Cumulative Percent of Population with Confirmed Cases as of May 1 2021","Cumulative Percent of Population Deaths as of May 1 2021","Cumulative Confirmed Cases Rate per 100,000 as of May 1 2021","Cumulative Death Rate per 100,000 as of May 1 2021","Cumulative Number of Confirmed Cases as of Jun 1 2021","Cumulative Number of Deaths as of Jun 1 2021","Number of Currently Hospitalized as of Jun 1 2021","Number of Negative Tests as of Jun 1 2021","Number of Positive Tests as of Jun 1 2021","Cumulative Number of Vaccination Doses Distributed as of Jun 1 2021","Cumulative Number of Vaccination Doses Administered as of Jun 1 2021","Cumulative Vaccination Doses Distributed Rate per 100,000 as of Jun 1 2021","Cumulative Vaccination Doses Administered Rate per 100,000 as of Jun 1 2021","Change of Confirmed Cases as of Jun 1 2021","Growth Rate of Cumulative Cases as of Jun 1 2021 from Previous Day","Growth Rate of Cumulative Deaths as of Jun 1 2021 from Previous Day","Change in Cumulative Confirmed Cases as of Jun 1 2021 from Previous Week","Percent Change in Cumulative Confirmed Cases as of Jun 1 2021 from Previous Week","Change in Cumulative Confirmed Cases as of Jun 1 2021 from Previous Month","Percent Change in Cumulative Confirmed Cases as of Jun 1 2021 from Previous Month","Change in Cumulative Deaths as of Jun 1 2021 from Previous Week","Percent Change in Cumulative Deaths as of Jun 1 2021 from Previous Week","Change in Cumulative Deaths as of Jun 1 2021 from Previous Month","Percent Change in Cumulative Deaths as of Jun 1 2021 from Previous Month","Cumulative Percent of Population with Confirmed Cases as of Jun 1 2021","Cumulative Percent of Population Deaths as of Jun 1 2021","Cumulative Confirmed Cases Rate per 100,000 as of Jun 1 2021","Cumulative Death Rate per 100,000 as of Jun 1 2021","Cumulative Number of Confirmed Cases as of Jul 1 2021","Cumulative Number of Deaths as of Jul 1 2021","Number of Currently Hospitalized as of Jul 1 2021","Number of Negative Tests as of Jul 1 2021","Number of Positive Tests as of Jul 1 2021","Cumulative Number of Vaccination Doses Distributed as of Jul 1 2021","Cumulative Number of Vaccination Doses Administered as of Jul 1 2021","Cumulative Vaccination Doses Distributed Rate per 100,000 as of Jul 1 2021","Cumulative Vaccination Doses Administered Rate per 100,000 as of Jul 1 2021","Change of Confirmed Cases as of Jul 1 2021","Growth Rate of Cumulative Cases as of Jul 1 2021 from Previous Day","Growth Rate of Cumulative Deaths as of Jul 1 2021 from Previous Day","Change in Cumulative Confirmed Cases as of Jul 1 2021 from Previous Week","Percent Change in Cumulative Confirmed Cases as of Jul 1 2021 from Previous Week","Change in Cumulative Confirmed Cases as of Jul 1 2021 from Previous Month","Percent Change in Cumulative Confirmed Cases as of Jul 1 2021 from Previous Month","Change in Cumulative Deaths as of Jul 1 2021 from Previous Week","Percent Change in Cumulative Deaths as of Jul 1 2021 from Previous Week","Change in Cumulative Deaths as of Jul 1 2021 from Previous Month","Percent Change in Cumulative Deaths as of Jul 1 2021 from Previous Month","Cumulative Percent of Population with Confirmed Cases as of Jul 1 2021","Cumulative Percent of Population Deaths as of Jul 1 2021","Cumulative Confirmed Cases Rate per 100,000 as of Jul 1 2021","Cumulative Death Rate per 100,000 as of Jul 1 2021","Cumulative Number of Confirmed Cases as of Aug 1 2021","Cumulative Number of Deaths as of Aug 1 2021","Number of Currently Hospitalized as of Aug 1 2021","Number of Negative Tests as of Aug 1 2021","Number of Positive Tests as of Aug 1 2021","Cumulative Number of Vaccination Doses Distributed as of Aug 1 2021","Cumulative Number of Vaccination Doses Administered as of Aug 1 2021","Cumulative Vaccination Doses Distributed Rate per 100,000 as of Aug 1 2021","Cumulative Vaccination Doses Administered Rate per 100,000 as of Aug 1 2021","Change of Confirmed Cases as of Aug 1 2021","Growth Rate of Cumulative Cases as of Aug 1 2021 from Previous Day","Growth Rate of Cumulative Deaths as of Aug 1 2021 from Previous Day","Change in Cumulative Confirmed Cases as of Aug 1 2021 from Previous Week","Percent Change in Cumulative Confirmed Cases as of Aug 1 2021 from Previous Week","Change in Cumulative Confirmed Cases as of Aug 1 2021 from Previous Month","Percent Change in Cumulative Confirmed Cases as of Aug 1 2021 from Previous Month","Change in Cumulative Deaths as of Aug 1 2021 from Previous Week","Percent Change in Cumulative Deaths as of Aug 1 2021 from Previous Week","Change in Cumulative Deaths as of Aug 1 2021 from Previous Month","Percent Change in Cumulative Deaths as of Aug 1 2021 from Previous Month","Cumulative Percent of Population with Confirmed Cases as of Aug 1 2021","Cumulative Percent of Population Deaths as of Aug 1 2021","Cumulative Confirmed Cases Rate per 100,000 as of Aug 1 2021","Cumulative Death Rate per 100,000 as of Aug 1 2021","Cumulative Number of Confirmed Cases as of Sep 1 2021","Cumulative Number of Deaths as of Sep 1 2021","Number of Currently Hospitalized as of Sep 1 2021","Number of Negative Tests as of Sep 1 2021","Number of Positive Tests as of Sep 1 2021","Cumulative Number of Vaccination Doses Distributed as of Sep 1 2021","Cumulative Number of Vaccination Doses Administered as of Sep 1 2021","Cumulative Vaccination Doses Distributed Rate per 100,000 as of Sep 1 2021","Cumulative Vaccination Doses Administered Rate per 100,000 as of Sep 1 2021","Change of Confirmed Cases as of Sep 1 2021","Growth Rate of Cumulative Cases as of Sep 1 2021 from Previous Day","Growth Rate of Cumulative Deaths as of Sep 1 2021 from Previous Day","Change in Cumulative Confirmed Cases as of Sep 1 2021 from Previous Week","Percent Change in Cumulative Confirmed Cases as of Sep 1 2021 from Previous Week","Change in Cumulative Confirmed Cases as of Sep 1 2021 from Previous Month","Percent Change in Cumulative Confirmed Cases as of Sep 1 2021 from Previous Month","Change in Cumulative Deaths as of Sep 1 2021 from Previous Week","Percent Change in Cumulative Deaths as of Sep 1 2021 from Previous Week","Change in Cumulative Deaths as of Sep 1 2021 from Previous Month","Percent Change in Cumulative Deaths as of Sep 1 2021 from Previous Month","Cumulative Percent of Population with Confirmed Cases as of Sep 1 2021","Cumulative Percent of Population Deaths as of Sep 1 2021","Cumulative Confirmed Cases Rate per 100,000 as of Sep 1 2021","Cumulative Death Rate per 100,000 as of Sep 1 2021","Cumulative Number of Confirmed Cases as of Oct 1 2021","Cumulative Number of Deaths as of Oct 1 2021","Number of Currently Hospitalized as of Oct 1 2021","Number of Negative Tests as of Oct 1 2021","Number of Positive Tests as of Oct 1 2021","Cumulative Number of Vaccination Doses Distributed as of Oct 1 2021","Cumulative Number of Vaccination Doses Administered as of Oct 1 2021","Cumulative Vaccination Doses Distributed Rate per 100,000 as of Oct 1 2021","Cumulative Vaccination Doses Administered Rate per 100,000 as of Oct 1 2021","Change of Confirmed Cases as of Oct 1 2021","Growth Rate of Cumulative Cases as of Oct 1 2021 from Previous Day","Growth Rate of Cumulative Deaths as of Oct 1 2021 from Previous Day","Change in Cumulative Confirmed Cases as of Oct 1 2021 from Previous Week","Percent Change in Cumulative Confirmed Cases as of Oct 1 2021 from Previous Week","Change in Cumulative Confirmed Cases as of Oct 1 2021 from Previous Month","Percent Change in Cumulative Confirmed Cases as of Oct 1 2021 from Previous Month","Change in Cumulative Deaths as of Oct 1 2021 from Previous Week","Percent Change in Cumulative Deaths as of Oct 1 2021 from Previous Week","Change in Cumulative Deaths as of Oct 1 2021 from Previous Month","Percent Change in Cumulative Deaths as of Oct 1 2021 from Previous Month","Cumulative Percent of Population with Confirmed Cases as of Oct 1 2021","Cumulative Percent of Population Deaths as of Oct 1 2021","Cumulative Confirmed Cases Rate per 100,000 as of Oct 1 2021","Cumulative Death Rate per 100,000 as of Oct 1 2021"
Geo_QNAME,Geo_NAME,Geo_FIPS,Geo_NATION,Geo_STATE,Geo_COUNTY,Geo_MSA,ORG_A010121,ORG_B010121,ORG_C010121,ORG_D010121,ORG_E010121,ORG_V010121,ORG_W010121,ORG_X010121,ORG_Y010121,ORG_F010121,ORG_G010121,ORG_H010121,ORG_I010121,ORG_J010121,ORG_K010121,ORG_L010121,ORG_M010121,ORG_N010121,ORG_O010121,ORG_P010121,ORG_R010121,ORG_S010121,ORG_T010121,ORG_U010121,ORG_A020121,ORG_B020121,ORG_C020121,ORG_D020121,ORG_E020121,ORG_V020121,ORG_W020121,ORG_X020121,ORG_Y020121,ORG_F020121,ORG_G020121,ORG_H020121,ORG_I020121,ORG_J020121,ORG_K020121,ORG_L020121,ORG_M020121,ORG_N020121,ORG_O020121,ORG_P020121,ORG_R020121,ORG_S020121,ORG_T020121,ORG_U020121,ORG_A030121,ORG_B030121,ORG_C030121,ORG_D030121,ORG_E030121,ORG_V030121,ORG_W030121,ORG_X030121,ORG_Y030121,ORG_F030121,ORG_G030121,ORG_H030121,ORG_I030121,ORG_J030121,ORG_K030121,ORG_L030121,ORG_M030121,ORG_N030121,ORG_O030121,ORG_P030121,ORG_R030121,ORG_S030121,ORG_T030121,ORG_U030121,ORG_A040121,ORG_B040121,ORG_C040121,ORG_D040121,ORG_E040121,ORG_V040121,ORG_W040121,ORG_X040121,ORG_Y040121,ORG_F040121,ORG_G040121,ORG_H040121,ORG_I040121,ORG_J040121,ORG_K040121,ORG_L040121,ORG_M040121,ORG_N040121,ORG_O040121,ORG_P040121,ORG_R040121,ORG_S040121,ORG_T040121,ORG_U040121,ORG_A050121,ORG_B050121,ORG_C050121,ORG_D050121,ORG_E050121,ORG_V050121,ORG_W050121,ORG_X050121,ORG_Y050121,ORG_F050121,ORG_G050121,ORG_H050121,ORG_I050121,ORG_J050121,ORG_K050121,ORG_L050121,ORG_M050121,ORG_N050121,ORG_O050121,ORG_P050121,ORG_R050121,ORG_S050121,ORG_T050121,ORG_U050121,ORG_A060121,ORG_B060121,ORG_C060121,ORG_D060121,ORG_E060121,ORG_V060121,ORG_W060121,ORG_X060121,ORG_Y060121,ORG_F060121,ORG_G060121,ORG_H060121,ORG_I060121,ORG_J060121,ORG_K060121,ORG_L060121,ORG_M060121,ORG_N060121,ORG_O060121,ORG_P060121,ORG_R060121,ORG_S060121,ORG_T060121,ORG_U060121,ORG_A070121,ORG_B070121,ORG_C070121,ORG_D070121,ORG_E070121,ORG_V070121,ORG_W070121,ORG_X070121,ORG_Y070121,ORG_F070121,ORG_G070121,ORG_H070121,ORG_I070121,ORG_J070121,ORG_K070121,ORG_L070121,ORG_M070121,ORG_N070121,ORG_O070121,ORG_P070121,ORG_R070121,ORG_S070121,ORG_T070121,ORG_U070121,ORG_A080121,ORG_B080121,ORG_C080121,ORG_D080121,ORG_E080121,ORG_V080121,ORG_W080121,ORG_X080121,ORG_Y080121,ORG_F080121,ORG_G080121,ORG_H080121,ORG_I080121,ORG_J080121,ORG_K080121,ORG_L080121,ORG_M080121,ORG_N080121,ORG_O080121,ORG_P080121,ORG_R080121,ORG_S080121,ORG_T080121,ORG_U080121,ORG_A090121,ORG_B090121,ORG_C090121,ORG_D090121,ORG_E090121,ORG_V090121,ORG_W090121,ORG_X090121,ORG_Y090121,ORG_F090121,ORG_G090121,ORG_H090121,ORG_I090121,ORG_J090121,ORG_K090121,ORG_L090121,ORG_M090121,ORG_N090121,ORG_O090121,ORG_P090121,ORG_R090121,ORG_S090121,ORG_T090121,ORG_U090121,ORG_A100121,ORG_B100121,ORG_C100121,ORG_D100121,ORG_E100121,ORG_V100121,ORG_W100121,ORG_X100121,ORG_Y100121,ORG_F100121,ORG_G100121,ORG_H100121,ORG_I100121,ORG_J100121,ORG_K100121,ORG_L100121,ORG_M100121,ORG_N100121,ORG_O100121,ORG_P100121,ORG_R100121,ORG_S100121,ORG_T100121,ORG_U100121
"Alabama","Alabama","01","00","01",,,365747,4872,2815,1590750,365747,,,,,365747,54,54,365747,365747,365747,365747,4872,4872,4872,4872,7.52,0.1,7518.42,100.15,460860,7688,1888,1781197,460860,,,,,1221,0.27,0,17851,4.03,91402,24.74,1026,15.4,2816,57.8,9.47,0.16,9473.59,158.04,493769,9931,651,1905141,493769,,,,,517,0.1,0.02,6249,1.28,38187,8.38,339,3.53,2365,31.26,10.15,0.2,10150.08,204.14,515866,10553,,,,,,,,478,0.09,-0.01,2728,0.53,21445,4.34,49,0.47,562,5.63,10.6,0.22,10604.32,216.93,528309,10913,,,,,,,,387,0.07,0.16,2411,0.46,12443,2.41,62,0.57,360,3.41,10.86,0.22,10860.1,224.33,544045,11156,,,,,,,,640,0.12,0.09,1483,0.27,15448,2.92,32,0.29,243,2.23,11.18,0.23,11183.57,229.33,550983,11352,,,,,,,,0,0,0,1589,0.29,6938,1.28,24,0.21,196,1.76,11.33,0.23,11326.19,233.36,587405,11536,,,,,,,,1798,0.31,0,16738,2.93,36107,6.55,53,0.46,178,1.57,12.07,0.24,12074.89,237.14,704420,12291,,,,,,,,4691,0.67,0.07,38767,5.82,115310,19.57,291,2.43,755,6.54,14.48,0.25,14480.29,252.66,798320,14393,,,,,,,,1845,0.23,0.66,13836,1.76,93900,13.33,472,3.39,2102,17.1,16.41,0.3,16410.53,295.87
"Alaska","Alaska","02","00","02",,,46740,198,79,,45461,,,,,46740,18,18,46740,46740,46740,46740,198,198,198,198,6.33,0.03,6328.91,26.81,54091,253,43,,52668,,,,,106,0.2,0,1030,1.94,6542,13.76,3,1.2,46,22.22,7.32,0.03,7324.28,34.26,58229,289,25,,56339,,,,,383,0.66,3.58,913,1.59,4378,8.13,10,3.58,36,14.23,7.88,0.04,7884.6,39.13,62785,299,,,,,,,,226,0.36,0,1227,1.99,4402,7.54,0,0,9,3.1,8.5,0.04,8501.51,40.49,67598,330,,,,,,,,0,0,0,1080,1.62,4813,7.67,12,3.77,31,10.37,9.15,0.04,9153.22,44.68,69737,352,,,,,,,,110,0.16,0,261,0.38,2139,3.16,0,0,22,6.67,9.44,0.05,9442.86,47.66,70669,360,,,,,,,,0,0,0,226,0.32,932,1.34,3,0.84,8,2.27,9.57,0.05,9569.05,48.75,74853,372,,,,,,,,0,0,0,1660,2.27,4079,5.76,5,1.36,12,3.33,10.14,0.05,10135.6,50.37,88633,431,,,,,,,,791,0.9,0.94,3839,4.53,13034,17.24,10,2.38,59,15.86,12,0.06,12001.5,58.36,114867,560,,,,,,,,1032,0.91,0.18,7979,7.46,26234,29.6,45,8.74,129,29.93,15.55,0.08,15553.76,75.83
"Arizona","Arizona","04","00","04",,,530267,9015,4501,2375070,530267,,,,,530267,9,9,530267,530267,530267,530267,9015,9015,9015,9015,7.63,0.13,7633.38,129.77,762458,13124,3654,2753536,762145,,,,,3882,0.51,0.03,34227,4.7,223296,41.42,885,7.23,4063,44.84,10.98,0.19,10975.85,188.92,818268,15979,1241,3002212,817821,,,,,1036,0.13,-0.01,8369,1.03,62241,8.23,477,3.08,2868,21.87,11.78,0.23,11779.26,230.02,842200,16977,,,,,,,,389,0.05,0.06,4213,0.5,22919,2.8,103,0.61,912,5.68,12.12,0.24,12123.77,244.39,863571,17338,,,,,,,,1074,0.12,0.08,5495,0.64,21371,2.54,78,0.45,361,2.13,12.43,0.25,12431.41,249.59,881454,17628,,,,,,,,4,0,0,3772,0.43,17527,2.03,59,0.34,284,1.64,12.69,0.25,12688.84,253.76,895347,17939,,,,,,,,472,0.05,0.02,3698,0.41,13893,1.58,64,0.36,311,1.76,12.89,0.26,12888.84,258.24,929541,18251,,,,,,,,2306,0.25,0.03,12373,1.35,33668,3.76,80,0.44,290,1.61,13.38,0.26,13381.07,262.73,1016663,18853,,,,,,,,4740,0.47,0.36,25354,2.56,85276,9.16,215,1.15,601,3.29,14.64,0.27,14635.23,271.4,1097225,20039,,,,,,,,3642,0.33,0.28,18351,1.7,80562,7.92,302,1.53,1186,6.29,15.79,0.29,15794.94,288.47
"Arkansas","Arkansas","05","00","05",,,229442,3711,1185,1878515,229442,,,,,229442,6,6,229442,229442,229442,229442,3711,3711,3711,3711,7.67,0.12,7671.92,124.09,296494,4895,889,2201961,296494,,,,,1226,0.42,0.55,11792,4.14,65052,28.11,245,5.27,1166,31.27,9.91,0.16,9913.96,163.68,322509,5250,441,2444369,322509,,,,,94,0.03,0.13,6750,2.14,28122,9.55,-113,-2.11,412,8.52,10.78,0.18,10783.83,175.55,330609,5636,,,,,,,,211,0.06,0.18,1098,0.33,7660,2.37,65,1.17,382,7.27,11.05,0.19,11054.68,188.45,335968,5741,,,,,,,,243,0.07,0.03,1326,0.4,5359,1.62,24,0.42,105,1.86,11.23,0.19,11233.87,191.96,341450,5834,,,,,,,,69,0.02,0.02,935,0.27,5345,1.59,10,0.17,91,1.58,11.42,0.2,11417.17,195.07,350085,5909,,,,,,,,700,0.2,0,3133,0.9,8635,2.53,19,0.32,75,1.29,11.71,0.2,11705.9,197.58,388436,6157,,,,,,,,1984,0.51,0.26,13086,3.49,37857,10.8,103,1.7,244,4.13,12.99,0.21,12988.26,205.87,455781,6969,,,,,,,,2890,0.64,0.5,14535,3.29,66501,17.08,195,2.88,770,12.42,15.24,0.23,15240.09,233.02,496934,7718,,,,,,,,857,0.17,0.35,5713,1.16,41153,9.03,157,2.08,749,10.75,16.62,0.26,16616.14,258.07
"California","California","06","00","06",,,2345811,26236,21433,,2292568,,,,,2345811,37,37,2345811,2345811,2345811,2345811,26236,26236,26236,26236,5.99,0.07,5992.04,67.02,3341656,41284,15212,,3258706,,,,,17592,0.53,0.87,128717,4.01,943651,39.35,3785,10.09,14742,55.54,8.54,0.11,8535.79,105.45,3573775,52487,5409,,3479078,,,,,4197,0.12,0.52,36742,1.04,263675,7.97,2956,5.97,11793,28.98,9.13,0.13,9128.71,134.07,3671690,59396,,,,,,,,2642,0.07,0.23,18241,0.5,93598,2.62,983,1.68,6622,12.55,9.38,0.15,9378.82,151.72,3743780,61853,,,,,,,,1556,0.04,0.16,13231,0.35,72090,1.96,425,0.69,2457,4.14,9.56,0.16,9562.96,157.99,3791188,63260,,,,,,,,1305,0.03,0.02,11060,0.29,46049,1.23,281,0.45,1336,2.16,9.68,0.16,9684.06,161.59,3866606,63709,,,,,,,,49902,1.31,0.07,53613,1.41,75418,1.99,219,0.34,449,0.71,9.88,0.16,9876.7,162.74,4040811,64417,,,,,,,,3321,0.08,0,60737,1.53,172413,4.46,192,0.3,768,1.21,10.32,0.16,10321.68,164.54,4471918,65987,,,,,,,,22732,0.51,0.19,106334,2.44,405659,9.98,619,0.95,1449,2.25,11.42,0.17,11422.89,168.55,4747079,69387,,,,,,,,8033,0.17,0.16,52406,1.12,275161,6.15,677,0.99,3400,5.15,12.13,0.18,12125.75,177.24
"Colorado","Colorado","08","00","08",,,338357,4936,1044,1822467,337161,,,,,338357,25,25,338357,338357,338357,338357,4936,4936,4936,4936,6.12,0.09,6117.31,89.24,399384,5737,611,2028478,397063,,,,,2246,0.57,0.46,10157,2.61,58930,17.31,135,2.41,761,15.29,7.22,0.1,7220.64,103.72,432186,6046,427,2175502,429839,,,,,1216,0.28,0.02,8089,1.91,36066,9.1,56,0.93,350,6.14,7.81,0.11,7813.69,109.31,466368,6183,,,,,,,,1586,0.34,0.13,9358,2.05,33429,7.72,22,0.36,129,2.13,8.43,0.11,8431.68,111.79,515125,6434,,,,,,,,1373,0.27,0.03,12421,2.47,48757,10.45,53,0.83,251,4.06,9.31,0.12,9313.18,116.32,546596,6723,,,,,,,,428,0.08,0,4335,0.8,30259,5.86,59,0.89,285,4.43,9.88,0.12,9882.16,121.55,561460,6952,,,,,,,,533,0.1,0.07,2795,0.5,14864,2.72,48,0.7,229,3.41,10.15,0.13,10150.89,125.69,578713,7097,,,,,,,,214,0.04,0,5881,1.03,16791,2.99,31,0.44,141,2.03,10.46,0.13,10462.81,128.31,620687,7324,,,,,,,,1604,0.26,0.07,11562,1.9,40206,6.93,68,0.94,212,2.98,11.22,0.13,11221.68,132.41,677143,7772,,,,,,,,2296,0.34,0.53,13133,1.98,56456,9.1,124,1.62,448,6.12,12.24,0.14,12242.37,140.51
"Connecticut","Connecticut","09","00","09",,,185708,5995,1136,,185708,,,,,185708,35,35,185708,185708,185708,185708,5995,5995,5995,5995,5.19,0.17,5185.2,167.39,253954,7119,912,,253954,,,,,3931,1.57,1.04,10322,4.24,63834,33.58,208,3.01,1020,16.72,7.09,0.2,7090.71,198.77,282626,7651,417,,282626,,,,,2680,0.96,0.38,7292,2.65,32603,13.04,89,1.18,605,8.59,7.89,0.21,7891.27,213.63,312468,7900,,,,,,,,1580,0.51,0.18,8958,2.95,29340,10.36,38,0.48,242,3.16,8.72,0.22,8724.49,220.58,339233,8097,,,,,,,,0,0,0,4467,1.33,26765,8.57,50,0.62,197,2.49,9.47,0.23,9471.8,226.08,347563,8244,,,,,,,,222,0.06,0.07,671,0.19,8330,2.46,23,0.28,147,1.82,9.7,0.23,9704.39,230.18,349387,8279,,,,,,,,35,0.01,0.01,394,0.11,1824,0.52,5,0.06,35,0.42,9.76,0.23,9755.32,231.16,354335,8293,,,,,,,,0,0,0,2298,0.65,4859,1.39,7,0.08,14,0.17,9.89,0.23,9893.47,231.55,373784,8358,,,,,,,,712,0.19,0,4652,1.26,18204,5.12,23,0.28,65,0.78,10.44,0.23,10436.51,233.37,391066,8650,,,,,,,,721,0.18,0.24,3333,0.86,17282,4.62,149,1.75,292,3.49,10.92,0.24,10919.04,241.52
"Delaware","Delaware","10","00","10",,,58064,930,412,453860,58064,,,,,58064,38,38,58064,58064,58064,58064,930,930,930,930,6.12,0.1,6115.25,97.95,78495,1101,321,509320,78495,,,,,424,0.54,1.01,3304,4.39,19622,33.33,52,4.96,171,18.39,8.27,0.12,8267.03,115.96,87080,1422,151,539551,87080,,,,,281,0.32,0,1990,2.34,9529,12.29,54,3.95,341,31.54,9.17,0.15,9171.19,149.76,95188,1559,,,,,,,,386,0.41,0,2150,2.31,7995,9.17,23,1.5,133,9.33,10.03,0.16,10025.12,164.19,104621,1626,,,,,,,,216,0.21,0.06,1694,1.65,9433,9.91,11,0.68,67,4.3,11.02,0.17,11018.59,171.25,108894,1661,,,,,,,,28,0.03,0,411,0.38,3985,3.8,1,0.06,35,2.15,11.47,0.17,11468.62,174.94,109770,1694,,,,,,,,26,0.02,0,150,0.14,876,0.8,1,0.06,33,1.99,11.56,0.18,11560.88,178.41,111563,1833,,,,,,,,156,0.14,0,766,0.69,1743,1.59,135,7.95,138,8.14,11.75,0.19,11749.72,193.05,120180,1887,,,,,,,,328,0.27,0.37,2593,2.21,8499,7.61,18,0.96,54,2.95,12.66,0.2,12657.25,198.74,133599,1954,,,,,,,,636,0.48,0,3155,2.42,13419,11.17,12,0.62,67,3.55,14.07,0.21,14070.53,205.79
"District of Columbia","District of Columbia","11","00","11",,,29252,788,226,,29252,,,,,29252,23,23,29252,29252,29252,29252,788,788,788,788,4.27,0.12,4273.5,115.12,37008,916,240,,37008,,,,,136,0.37,0.33,1503,4.23,7499,25.41,37,4.21,124,15.66,5.41,0.13,5406.59,133.82,40684,1019,168,,40684,,,,,86,0.21,0.2,929,2.34,4022,10.97,24,2.41,110,12.1,5.94,0.15,5943.63,148.87,44656,1066,,,,,,,,143,0.32,0.19,987,2.26,3889,9.54,13,1.23,47,4.61,6.52,0.16,6523.91,155.73,47800,1106,,,,,,,,103,0.22,0.09,581,1.23,3144,7.04,7,0.64,40,3.75,6.98,0.16,6983.22,161.58,49000,1134,,,,,,,,102,0.21,0.18,197,0.4,1145,2.39,4,0.35,28,2.53,7.16,0.17,7158.53,165.67,49362,1141,,,,,,,,27,0.05,0,65,0.13,362,0.74,0,0,7,0.62,7.21,0.17,7211.42,166.69,50398,1149,,,,,,,,0,0,0,425,0.85,1020,2.07,3,0.26,8,0.7,7.36,0.17,7362.77,167.86,55570,1161,,,,,,,,139,0.25,0.09,1414,2.61,4854,9.57,6,0.52,12,1.04,8.12,0.17,8118.36,169.61,61331,1176,,,,,,,,178,0.29,0.17,1126,1.87,5761,10.37,4,0.34,15,1.29,8.96,0.17,8960,171.8
"Florida","Florida","12","00","12",,,1323307,21672,6454,7405064,1300528,,,,,1323307,2,2,1323307,1323307,1323307,1323307,21672,21672,21672,21672,6.42,0.11,6424.4,105.21,1727099,26684,6142,8480485,1695300,,,,,5730,0.33,0.78,68938,4.16,372274,27.48,1239,4.87,4795,21.91,8.38,0.13,8384.73,129.55,1910913,30998,3686,9192789,1875818,,,,,1700,0.09,0.48,37998,2.03,197332,11.52,934,3.11,4639,17.6,9.28,0.15,9277.11,150.49,2064517,33493,,,,,,,,6790,0.33,0.21,37096,1.83,146425,7.63,537,1.63,2359,7.58,10.02,0.16,10022.83,162.6,2238929,35238,,,,,,,,5419,0.24,0.22,35024,1.59,174412,8.45,427,1.23,1745,5.21,10.87,0.17,10869.57,171.07,2326747,36868,,,,,,,,5937,0.26,0.26,12940,0.56,83977,3.74,288,0.79,1601,4.54,11.3,0.18,11295.91,178.99,2331916,37913,,,,,,,,2432,0.1,0.1,11859,0.51,5169,0.22,208,0.55,1045,2.83,11.32,0.18,11321,184.06,2590699,39079,,,,,,,,0,0,0,110724,4.46,253086,10.83,409,1.06,1094,2.88,12.58,0.19,12577.34,189.72,3269502,44571,,,,,,,,19048,0.59,0.02,139358,4.45,678803,26.2,1840,4.31,5492,14.05,15.87,0.22,15872.8,216.38,3576581,55299,,,,,,,,5829,0.16,0.53,37309,1.05,307079,9.39,1719,3.21,10728,24.07,17.36,0.27,17363.61,268.47
"Georgia","Georgia","13","00","13",,,654950,10610,4890,,677589,,,,,654950,48,48,654950,654950,654950,654950,10610,10610,10610,10610,6.36,0.1,6360.29,103.03,888462,13821,4438,,912479,,,,,3213,0.36,0.31,41426,4.89,226385,34.19,931,7.22,3209,30.24,8.63,0.13,8627.95,134.22,983879,16834,2348,,1008660,,,,,2035,0.21,0.46,21664,2.25,102139,11.58,521,3.19,3058,22.2,9.55,0.16,9554.56,163.48,1036700,18536,,,,,,,,1514,0.15,0.34,10068,0.98,49732,5.04,355,1.95,1600,9.45,10.07,0.18,10067.51,180.01,1077047,19586,,,,,,,,1212,0.11,0.11,8453,0.79,40347,3.89,231,1.19,1050,5.66,10.46,0.19,10459.32,190.2,1099410,20181,,,,,,,,241,0.02,0,3070,0.28,21089,1.96,133,0.66,595,3.04,10.68,0.2,10676.49,195.98,1110606,20734,,,,,,,,512,0.05,0.02,2683,0.24,11196,1.02,58,0.28,553,2.74,10.79,0.2,10785.22,201.35,1153494,20978,,,,,,,,0,0,0,20968,1.85,42462,3.82,61,0.29,230,1.11,11.2,0.2,11201.71,203.72,1382004,22132,,,,,,,,9399,0.68,0.57,63812,4.84,222614,19.2,456,2.1,1134,5.4,13.42,0.21,13420.79,214.93,1547658,25371,,,,,,,,3277,0.21,0.58,23895,1.57,165654,11.99,739,3,3239,14.63,15.03,0.25,15029.48,246.38
"Hawaii","Hawaii","15","00","15",,,21736,287,86,,22120,,,,,21736,31,31,21736,21736,21736,21736,287,287,287,287,1.53,0.02,1528.52,20.18,25870,407,63,,26608,,,,,84,0.33,0,661,2.62,3975,18.15,68,20.06,120,41.81,1.82,0.03,1819.23,28.62,27499,436,31,,28355,,,,,26,0.09,0,375,1.38,1791,6.97,8,1.87,32,7.92,1.93,0.03,1933.79,30.66,29888,460,,,,,,,,109,0.37,0,768,2.64,2356,8.56,5,1.1,24,5.5,2.1,0.03,2101.79,32.35,32882,480,,,,,,,,115,0.35,0,717,2.23,2994,10.02,5,1.05,20,4.35,2.31,0.03,2312.33,33.75,35090,497,,,,,,,,55,0.16,0,382,1.1,2101,6.37,4,0.81,17,3.54,2.47,0.03,2467.6,34.95,36435,515,,,,,,,,44,0.12,0.19,278,0.77,1345,3.83,5,0.98,18,3.62,2.56,0.04,2562.18,36.22,41090,534,,,,,,,,447,1.1,0,2090,5.36,4582,12.55,8,1.52,19,3.69,2.89,0.04,2889.53,37.55,61800,599,,,,,,,,447,0.73,2.22,6132,11.02,20354,49.11,29,5.09,65,12.17,4.35,0.04,4345.9,42.12,77143,786,,,,,,,,359,0.47,0.9,2146,2.86,15343,24.83,42,5.65,187,31.22,5.42,0.06,5424.85,55.27
"Idaho","Idaho","16","00","16",,,141388,1438,375,428768,141077,,,,,141388,45,45,141388,141388,141388,141388,1438,1438,1438,1438,8.38,0.09,8377.01,85.2,163291,1737,225,470637,162683,,,,,529,0.33,0.58,3109,1.94,21001,14.76,50,2.96,286,19.71,9.67,0.1,9674.73,102.91,171618,1869,162,500096,171140,,,,,409,0.24,0.38,1895,1.12,8856,5.44,41,2.24,142,8.22,10.17,0.11,10168.09,110.74,181023,1967,,,,,,,,380,0.21,0.1,2014,1.13,8992,5.23,10,0.51,93,4.96,10.73,0.12,10725.32,116.54,187728,2048,,,,,,,,2,0,0,1428,0.77,6705,3.7,15,0.74,81,4.12,11.12,0.12,11122.59,121.34,192378,2092,,,,,,,,294,0.15,0,760,0.4,4650,2.48,3,0.14,44,2.15,11.4,0.12,11398.09,123.95,195166,2156,,,,,,,,92,0.05,0.09,481,0.25,2788,1.45,11,0.51,64,3.06,11.56,0.13,11563.28,127.74,200564,2199,,,,,,,,0,0,0,2258,1.14,5315,2.72,14,0.64,39,1.81,11.88,0.13,11883.1,130.29,222631,2372,,,,,,,,1168,0.53,0.34,6483,3,21160,10.5,55,2.37,168,7.62,13.19,0.14,13190.53,140.54,259147,2936,,,,,,,,1775,0.69,0.96,9342,3.74,36516,16.4,182,6.61,564,23.78,15.35,0.17,15354.05,173.95
"Illinois","Illinois","17","00","17",,,966287,17979,3992,,970590,,,,,966287,40,40,966287,966287,966287,966287,17979,17979,17979,17979,7.54,0.14,7536.46,140.23,1131212,21273,2387,,1128613,,,,,2707,0.24,0.15,23824,2.15,153535,15.7,529,2.55,3056,16.78,8.82,0.17,8822.78,165.92,1191207,22759,1288,,1187839,,,,,1285,0.11,0.11,12505,1.06,64759,5.75,253,1.12,1546,7.29,9.29,0.18,9290.7,177.51,1251829,23601,,,,,,,,3696,0.3,0.09,18412,1.49,58969,4.94,159,0.68,798,3.5,9.76,0.18,9763.52,184.07,1341493,24330,,,,,,,,2806,0.21,0.16,18853,1.43,89664,7.16,216,0.9,729,3.09,10.46,0.19,10462.84,189.76,1386620,25233,,,,,,,,431,0.03,0.04,5419,0.39,43347,3.23,204,0.82,875,3.59,10.81,0.2,10814.81,196.8,1396270,25687,,,,,,,,407,0.03,0.05,2081,0.15,9650,0.7,57,0.22,454,1.8,10.89,0.2,10890.07,200.34,1423590,25916,,,,,,,,16,0,0,11745,0.83,26984,1.93,49,0.19,220,0.86,11.1,0.2,11103.15,202.13,1532494,26535,,,,,,,,5146,0.34,0.13,29021,1.93,103571,7.25,200,0.76,605,2.33,11.95,0.21,11952.54,206.96,1635964,27714,,,,,,,,3311,0.2,0.18,18728,1.16,103470,6.75,274,1,1179,4.44,12.76,0.22,12759.54,216.15
"Indiana","Indiana","18","00","18",,,520750,8371,2786,2132191,517773,,,,,520750,44,44,520750,520750,520750,520750,8371,8371,8371,8371,7.85,0.13,7845.66,126.12,631502,9989,1594,2335190,628391,,,,,1709,0.27,0.15,15192,2.46,105437,20.04,261,2.68,1579,18.78,9.51,0.15,9514.26,150.5,665422,12595,763,2457982,662213,,,,,542,0.08,0.17,5875,0.89,37353,5.95,188,1.52,2628,26.37,10.03,0.19,10025.3,189.76,691001,13048,,,,,,,,1216,0.18,0.07,6720,0.98,25039,3.76,66,0.51,425,3.37,10.41,0.2,10410.68,196.58,724895,13338,,,,,,,,1154,0.16,0.05,7632,1.06,33894,4.91,67,0.5,290,2.22,10.92,0.2,10921.33,200.95,747549,13628,,,,,,,,517,0.07,0.06,3160,0.42,21585,2.97,62,0.46,279,2.09,11.26,0.21,11262.63,205.32,757671,13855,,,,,,,,392,0.05,0.04,1930,0.26,10122,1.35,36,0.26,227,1.67,11.42,0.21,11415.13,208.74,774662,14005,,,,,,,,0,0,0,6850,0.89,16584,2.19,40,0.29,142,1.02,11.67,0.21,11671.12,211,866672,14520,,,,,,,,4735,0.55,0.2,29346,3.5,89213,11.47,180,1.26,508,3.63,13.06,0.22,13057.35,218.76,969375,15686,,,,,,,,3176,0.33,0.18,18067,1.9,102703,11.85,309,2.01,1166,8.03,14.6,0.24,14604.68,236.33
"Iowa","Iowa","19","00","19",,,282980,3898,575,933640,240766,,,,,282980,16,16,282980,282980,282980,282980,3898,3898,3898,3898,9.03,0.12,9033.68,124.44,320187,4906,368,987275,267913,,,,,779,0.24,0.1,6280,2,36292,12.78,418,9.31,960,24.33,10.22,0.16,10221.46,156.62,336890,5472,197,1035119,280279,,,,,435,0.13,0.04,3803,1.14,17780,5.57,98,1.82,821,17.65,10.75,0.17,10754.67,174.68,352137,5751,,,,,,,,735,0.21,0.14,3645,1.05,14641,4.34,43,0.75,253,4.6,11.24,0.18,11241.41,183.59,365228,5952,,,,,,,,387,0.11,0.03,2496,0.69,13091,3.72,25,0.42,201,3.5,11.66,0.19,11659.32,190.01,371473,6057,,,,,,,,49,0.01,0.03,598,0.16,5954,1.63,18,0.3,98,1.64,11.86,0.19,11858.68,193.36,373960,6140,,,,,,,,99,0.03,0.03,588,0.16,2487,0.67,16,0.26,83,1.37,11.94,0.2,11938.07,196.01,379797,6183,,,,,,,,0,0,0,2497,0.66,5743,1.54,13,0.21,41,0.67,12.12,0.2,12124.41,197.38,408390,6307,,,,,,,,3643,0.9,0.62,8308,2.08,28593,7.53,39,0.62,124,2.01,13.04,0.2,13037.19,201.34,452057,6563,,,,,,,,0,0,0,10874,2.46,43667,10.69,81,1.25,256,4.06,14.43,0.21,14431.19,209.51
"Kansas","Kansas","20","00","20",,,230352,2879,825,784761,227745,,,,,230352,33,33,230352,230352,230352,230352,2879,2879,2879,2879,7.92,0.1,7919.21,98.98,279587,3809,381,900949,276668,,,,,1954,0.7,0.79,7367,2.71,49235,21.37,187,5.16,930,32.3,9.61,0.13,9611.84,130.95,297436,4743,165,964803,294302,,,,,638,0.21,0.17,2563,0.87,19813,7.14,100,2.15,964,25.51,10.23,0.16,10225.47,163.06,304685,4913,,,,,,,,28,0.01,0,1418,0.47,7225,2.43,32,0.66,170,3.58,10.47,0.17,10474.68,168.9,311213,5025,,,,,,,,0,0,0,1669,0.54,6528,2.14,16,0.32,112,2.28,10.7,0.17,10699.11,172.75,315863,5115,,,,,,,,3,0,0.02,565,0.18,4645,1.49,21,0.41,90,1.79,10.86,0.18,10858.97,175.85,319626,5189,,,,,,,,42,0.01,0.02,1035,0.32,3763,1.19,14,0.27,74,1.45,10.99,0.18,10988.33,178.39,334159,5294,,,,,,,,0,0,0,5556,1.69,14168,4.43,19,0.36,102,1.96,11.49,0.18,11487.96,182,374314,5610,,,,,,,,4186,1.13,0.38,10784,2.97,38474,11.46,49,0.88,309,5.83,12.87,0.19,12868.44,192.86,412319,6097,,,,,,,,2278,0.56,0.3,6824,1.68,38005,10.15,92,1.53,487,8.68,14.18,0.21,14175,209.61
"Kentucky","Kentucky","21","00","21",,,269470,2956,1673,,265262,,,,,269470,42,42,269470,269470,269470,269470,2956,2956,2956,2956,6.07,0.07,6068.87,66.57,368623,3995,1314,,364507,,,,,1766,0.48,0.45,17161,4.88,92820,33.65,265,7.1,996,33.21,8.3,0.09,8301.94,89.97,408854,4802,719,,405126,,,,,462,0.11,0.33,7275,1.81,43838,12.01,183,3.96,835,21.05,9.21,0.11,9208,108.15,431160,6172,,,,,,,,1044,0.24,0.34,4156,0.97,21317,5.2,168,2.8,1350,28,9.71,0.14,9710.36,139,448026,6631,,,,,,,,553,0.12,0.17,4071,0.92,16866,3.91,87,1.33,459,7.44,10.09,0.15,10090.21,149.34,460454,7109,,,,,,,,394,0.09,2.46,1771,0.39,12115,2.7,221,3.21,475,7.16,10.37,0.16,10370.11,160.11,466106,7269,,,,,,,,164,0.04,0.03,1082,0.23,5652,1.23,22,0.3,160,2.25,10.5,0.16,10497.4,163.71,483719,7378,,,,,,,,0,0,0,8368,1.76,17441,3.74,23,0.31,98,1.35,10.89,0.17,10894.07,166.16,584624,7842,,,,,,,,4931,0.85,0.2,30243,5.46,97403,19.99,144,1.87,449,6.07,13.17,0.18,13166.6,176.61,700971,8896,,,,,,,,4110,0.59,0.43,22069,3.25,116347,19.9,322,3.76,1054,13.44,15.79,0.2,15786.91,200.35
"Louisiana","Louisiana","22","00","22",,,315275,7488,1731,3898907,315275,,,,,315275,55,55,315275,315275,315275,315275,7488,7488,7488,7488,6.76,0.16,6760.31,160.56,401591,8912,1403,4617370,401591,,,,,965,0.24,0.6,15649,4.05,86316,27.38,322,3.75,1424,19.02,8.61,0.19,8611.15,191.1,430504,9628,629,5155000,430504,,,,,404,0.09,0.21,5860,1.38,33228,8.36,151,1.59,827,9.4,9.23,0.21,9231.12,206.45,445469,10161,,,,,,,,536,0.12,0.2,2849,0.64,14198,3.29,88,0.87,514,5.33,9.55,0.22,9552.01,217.88,458581,10382,,,,,,,,0,0,0,3040,0.67,13112,2.94,46,0.45,221,2.17,9.83,0.22,9833.16,222.62,471663,10592,,,,,,,,978,0.21,0.15,2218,0.47,13082,2.85,44,0.42,210,2.02,10.11,0.23,10113.68,227.12,482035,10748,,,,,,,,568,0.12,0.09,2724,0.57,10372,2.2,31,0.29,156,1.47,10.34,0.23,10336.08,230.46,541679,10999,,,,,,,,0,0,0,28836,5.62,59119,12.25,99,0.91,242,2.25,11.62,0.24,11615,235.85,692176,12582,,,,,,,,12380,1.82,1.8,20939,3.12,139389,25.22,356,2.91,1556,14.11,14.84,0.27,14842.05,269.79,741906,13988,,,,,,,,1373,0.19,0.28,7382,1.01,49730,7.18,247,1.8,1406,11.17,15.91,0.3,15908.39,299.94
"Maine","Maine","23","00","23",,,24201,347,182,,24201,,,,,24201,4,4,24201,24201,24201,24201,347,347,347,347,1.82,0.03,1815.78,26.04,39543,595,164,,39543,,,,,219,0.56,0.85,2497,6.74,14298,56.64,48,8.78,237,66.2,2.97,0.04,2966.88,44.64,44762,703,62,,44762,,,,,128,0.29,0,1168,2.68,5594,14.28,45,6.84,113,19.15,3.36,0.05,3358.46,52.75,50788,744,,,,,,,,284,0.56,0.13,1598,3.25,5844,13,13,1.78,41,5.83,3.81,0.06,3810.59,55.82,61616,789,,,,,,,,403,0.66,0.64,2004,3.36,10828,21.32,17,2.2,45,6.05,4.62,0.06,4623,59.2,67819,825,,,,,,,,39,0.06,0,687,1.02,5972,9.66,1,0.12,36,4.56,5.09,0.06,5088.41,61.9,69054,859,,,,,,,,21,0.03,0.12,165,0.24,1235,1.82,3,0.35,34,4.12,5.18,0.06,5181.07,64.45,70463,900,,,,,,,,0,0,0,559,0.8,1394,2.02,3,0.33,40,4.65,5.29,0.07,5286.79,67.53,76289,934,,,,,,,,433,0.57,0.21,1980,2.66,5826,8.27,8,0.86,34,3.78,5.72,0.07,5723.91,70.08,90727,1024,,,,,,,,738,0.82,0.2,4141,4.78,14438,18.93,15,1.49,90,9.64,6.81,0.08,6807.18,76.83
"Maryland","Maryland","24","00","24",,,280387,5942,1734,2538142,280219,,,,,280387,41,41,280387,280387,280387,280387,5942,5942,5942,5942,4.67,0.1,4670.44,98.98,355812,7154,1437,2848563,355636,,,,,1163,0.33,0.38,12459,3.63,72473,25.58,254,3.68,1187,19.89,5.93,0.12,5926.81,119.17,382884,7879,904,3003717,382702,,,,,603,0.16,0.13,5736,1.52,29982,8.5,147,1.9,772,10.86,6.38,0.13,6377.75,131.24,413113,8303,,,,,,,,1584,0.38,0.21,8946,2.21,29761,7.76,86,1.05,398,5.03,6.88,0.14,6881.28,138.3,448529,8764,,,,,,,,939,0.21,0.23,5992,1.35,35416,8.57,116,1.34,461,5.55,7.47,0.15,7471.21,145.98,460207,9616,,,,,,,,101,0.02,0.02,1336,0.29,11027,2.45,587,6.5,840,9.57,7.67,0.16,7665.73,160.17,462571,9744,,,,,,,,75,0.02,0.03,401,0.09,2364,0.51,15,0.15,128,1.33,7.71,0.16,7705.11,162.31,469314,9828,,,,,,,,547,0.12,0.03,3146,0.67,6658,1.44,21,0.21,82,0.84,7.82,0.16,7817.42,163.71,498599,10024,,,,,,,,1374,0.28,0.1,8447,1.72,28837,6.14,57,0.57,195,1.98,8.31,0.17,8305.23,166.97,534101,10460,,,,,,,,1531,0.29,0.17,8750,1.67,35502,7.12,98,0.95,436,4.35,8.9,0.17,8896.59,174.23
"Massachusetts","Massachusetts","25","00","25",,,375178,12423,2271,3658165,375178,,,,,375178,30,30,375178,375178,375178,375178,12423,12423,12423,12423,5.49,0.18,5492.93,181.88,526423,14607,1676,4103409,526423,,,,,2398,0.46,0.21,22735,4.51,142242,37.02,429,3.03,2105,16.84,7.71,0.21,7707.29,213.86,582543,16144,788,4355357,582543,,,,,1395,0.24,0.16,11997,2.1,61183,11.74,291,1.84,1613,11.1,8.53,0.24,8528.94,236.36,638339,17217,,,,,,,,2759,0.43,0.19,16113,2.59,55495,9.52,207,1.22,1035,6.4,9.35,0.25,9345.84,252.07,690279,17617,,,,,,,,1306,0.19,0.04,8709,1.28,51940,8.14,73,0.42,400,2.32,10.11,0.26,10106.29,257.93,707131,17883,,,,,,,,186,0.03,0.06,1533,0.22,15959,2.31,48,0.27,262,1.49,10.35,0.26,10353.02,261.82,710049,17997,,,,,,,,83,0.01,0.02,427,0.06,2918,0.41,11,0.06,114,0.64,10.4,0.26,10395.74,263.49,719780,18082,,,,,,,,0,0,0,4600,0.64,9642,1.36,36,0.2,84,0.47,10.54,0.26,10538.21,264.74,761906,18257,,,,,,,,2037,0.27,0.06,11658,1.55,40021,5.54,58,0.32,173,0.96,11.15,0.27,11154.97,267.3,813599,18647,,,,,,,,1648,0.2,0.11,10770,1.34,51693,6.78,106,0.57,390,2.14,11.91,0.27,11911.8,273.01
"Michigan","Michigan","26","00","26",,,526845,13011,2758,,528621,,,,,526845,27,27,526845,526845,526845,526845,13011,13011,13011,13011,5.29,0.13,5290.94,130.67,610524,15527,1409,,612710,,,,,2623,0.43,0.07,12743,2.13,75169,14.04,319,2.1,2231,16.78,6.13,0.16,6131.31,155.93,646502,16509,893,,647415,,,,,1938,0.3,0.07,9402,1.48,38669,6.36,175,1.07,993,6.4,6.49,0.17,6492.62,165.79,751999,17165,,,,,,,,7176,0.96,0.31,40873,5.75,103880,16.03,171,1.01,631,3.82,7.55,0.17,7552.1,172.38,938277,18883,,,,,,,,3701,0.4,0.75,28325,3.11,186278,24.77,485,2.64,1718,10.01,9.42,0.19,9422.83,189.64,991174,20374,,,,,,,,975,0.1,0.06,4287,0.43,52897,5.64,163,0.81,1491,7.9,9.95,0.2,9954.06,204.61,998847,20998,,,,,,,,241,0.02,0.07,1286,0.13,7673,0.77,67,0.32,624,3.06,10.03,0.21,10031.11,210.88,1009618,21173,,,,,,,,7,0,0,4704,0.47,10645,1.07,42,0.2,178,0.85,10.14,0.21,10139.28,212.63,1064001,21603,,,,,,,,5236,0.49,0.32,15604,1.49,54222,5.37,167,0.78,429,2.03,10.69,0.22,10685.44,216.95,1157226,22421,,,,,,,,8923,0.78,0.38,26567,2.35,93225,8.76,225,1.01,818,3.79,11.62,0.23,11621.67,225.17
"Minnesota","Minnesota","27","00","27",,,415361,5382,895,2571846,415302,,,,,415361,1,1,415361,415361,415361,415361,5382,5382,5382,5382,7.51,0.1,7514.64,97.37,462596,6270,387,2828505,462528,,,,,721,0.16,0.03,6745,1.48,44705,10.7,104,1.69,834,15.34,8.37,0.11,8369.21,113.44,485298,6554,230,3015197,485230,,,,,636,0.13,0.05,5639,1.18,24411,5.3,53,0.82,299,4.78,8.78,0.12,8779.93,118.57,521745,6938,,,,,,,,2138,0.41,0.17,11269,2.21,36022,7.42,46,0.67,380,5.79,9.44,0.13,9439.32,125.52,577617,7247,,,,,,,,1712,0.3,0.14,10852,1.91,55872,10.71,97,1.36,309,4.45,10.45,0.13,10450.15,131.11,601610,7520,,,,,,,,133,0.02,0.01,2040,0.34,22282,3.85,46,0.62,267,3.68,10.88,0.14,10884.22,136.05,605541,7692,,,,,,,,83,0.01,0.07,569,0.09,3931,0.65,38,0.5,172,2.29,10.96,0.14,10955.34,139.16,612794,7761,,,,,,,,0,0,0,3314,0.54,7152,1.18,18,0.23,63,0.82,11.09,0.14,11086.56,140.41,651481,7910,,,,,,,,1424,0.22,0.08,10929,1.71,38063,6.21,35,0.44,143,1.84,11.79,0.14,11786.48,143.11,714893,8273,,,,,,,,3696,0.52,0.21,17618,2.53,63412,9.73,104,1.27,363,4.59,12.93,0.15,12933.72,149.67
"Mississippi","Mississippi","28","00","28",,,218386,4816,1456,1127658,218386,,,,,218386,52,52,218386,218386,218386,218386,4816,4816,4816,4816,7.31,0.16,7306.9,161.14,275706,6056,948,1327630,275706,,,,,705,0.26,0.18,10560,3.98,55429,25.16,279,4.83,1216,25.12,9.22,0.2,9224.76,202.63,294994,6681,455,1459374,294994,,,,,199,0.07,0,4120,1.42,20804,7.59,128,1.95,663,11.02,9.87,0.22,9870.11,223.54,305417,7048,,,,,,,,271,0.09,0.23,1475,0.49,10122,3.43,61,0.87,324,4.82,10.22,0.24,10218.85,235.82,311900,7199,,,,,,,,0,0,0,1551,0.5,6483,2.12,24,0.33,151,2.14,10.44,0.24,10435.76,240.87,317755,7318,,,,,,,,42,0.01,0.03,844,0.27,5855,1.88,20,0.27,119,1.65,10.63,0.24,10631.66,244.85,321944,7415,,,,,,,,180,0.06,0.04,1350,0.42,4189,1.32,24,0.32,97,1.33,10.77,0.25,10771.82,248.1,343505,7543,,,,,,,,0,0,0,10325,3.1,21319,6.62,41,0.55,124,1.67,11.49,0.25,11493.22,252.38,439661,8490,,,,,,,,2939,0.67,0.96,19487,4.64,91165,26.16,310,3.79,934,12.36,14.71,0.28,14710.47,284.06,489216,9646,,,,,,,,822,0.17,0.48,6314,1.31,49555,11.27,221,2.34,1156,13.62,16.37,0.32,16368.52,322.74
"Missouri","Missouri","29","00","29",,,421217,5906,2779,1657381,397299,,,,,421217,15,15,421217,421217,421217,421217,5906,5906,5906,5906,6.92,0.1,6916.46,96.98,501226,7182,1778,1778050,459597,,,,,1696,0.34,0.08,11361,2.32,77332,18.24,214,3.07,1272,21.52,8.23,0.12,8230.23,117.93,525206,8385,1066,1859688,478416,,,,,606,0.12,0.04,4156,0.8,26398,5.29,218,2.67,1210,16.86,8.62,0.14,8623.98,137.68,589546,8981,,,,,,,,646,0.11,0.04,4247,0.73,63882,12.15,78,0.88,579,6.89,9.68,0.15,9680.46,147.47,601861,9250,,,,,,,,951,0.16,0.08,4633,0.78,12315,2.09,71,0.77,269,3,9.88,0.15,9882.67,151.89,615552,9662,,,,,,,,144,0.02,-0.14,2737,0.45,13086,2.17,44,0.46,409,4.42,10.11,0.16,10107.48,158.65,636120,9924,,,,,,,,1387,0.22,0.05,6495,1.03,20568,3.34,66,0.67,262,2.71,10.45,0.16,10445.21,162.95,697481,10313,,,,,,,,1755,0.25,0.03,18572,2.74,60091,9.43,124,1.22,374,3.76,11.45,0.17,11452.77,169.34,777724,11306,,,,,,,,2860,0.37,0.31,16230,2.13,78482,11.22,240,2.17,986,9.55,12.77,0.19,12770.38,185.65,838961,12216,,,,,,,,1820,0.22,0.2,11494,1.39,61237,7.87,206,1.72,910,8.05,13.78,0.2,13775.9,200.59
"Montana","Montana","30","00","30",,,81701,962,203,,81555,,,,,81701,34,34,81701,81701,81701,81701,962,962,962,962,7.84,0.09,7842.8,92.35,94146,1235,108,,94070,,,,,185,0.2,0.08,2241,2.44,12155,14.82,83,7.2,264,27.19,9.04,0.12,9037.45,118.55,100115,1358,68,,100003,,,,,116,0.12,0,1186,1.2,6322,6.74,16,1.19,125,10.14,9.61,0.13,9610.44,130.36,104865,1438,,,,,,,,188,0.18,0.07,904,0.87,4593,4.58,3,0.21,65,4.73,10.07,0.14,10066.41,138.04,109061,1574,,,,,,,,130,0.12,0.13,940,0.87,4196,4,11,0.7,136,9.46,10.47,0.15,10469.2,151.09,111949,1613,,,,,,,,21,0.02,0,470,0.42,2843,2.61,7,0.44,39,2.48,10.75,0.15,10746.43,154.84,113928,1666,,,,,,,,66,0.06,0.06,350,0.31,1979,1.77,5,0.3,53,3.29,10.94,0.16,10936.4,159.93,116480,1704,,,,,,,,0,0,0,1116,0.97,2499,2.19,9,0.53,38,2.28,11.18,0.16,11181.38,163.57,128216,1803,,,,,,,,968,0.76,0.17,3824,3.07,11470,9.82,30,1.69,95,5.56,12.31,0.17,12307.96,173.08,152159,2017,,,,,,,,975,0.64,0.4,5976,4.09,23943,18.67,69,3.54,214,11.87,14.61,0.19,14606.35,193.62
"Nebraska","Nebraska","31","00","31",,,168567,1707,534,680859,166798,,,,,168567,24,24,168567,168567,168567,168567,1707,1707,1707,1707,8.85,0.09,8849.78,89.62,192112,2031,312,733348,190950,,,,,349,0.18,0.3,3262,1.73,22782,13.45,47,2.37,323,18.91,10.09,0.11,10085.89,106.63,201556,2205,158,764460,200946,,,,,258,0.13,0.27,1937,0.97,9987,5.21,34,1.57,180,8.89,10.58,0.12,10581.7,115.76,210155,2282,,,,,,,,553,0.26,0,2217,1.07,8261,4.09,2,0.09,72,3.26,11.03,0.12,11033.15,119.81,220032,2366,,,,,,,,206,0.09,0,1452,0.66,9877,4.7,10,0.42,84,3.68,11.55,0.12,11551.69,124.22,223796,2497,,,,,,,,120,0.05,0.08,684,0.31,3669,1.67,120,5.05,131,5.54,11.75,0.13,11749.3,131.09,224802,2520,,,,,,,,49,0.02,0,277,0.12,1006,0.45,1,0.04,23,0.92,11.8,0.13,11802.12,132.3,228450,2550,,,,,,,,0,0,0,1611,0.71,3602,1.6,4,0.16,30,1.19,11.99,0.13,11993.64,133.88,245111,2594,,,,,,,,857,0.35,0.15,5083,2.12,16116,7.04,15,0.58,44,1.73,12.87,0.14,12868.34,136.19,267079,2686,,,,,,,,630,0.24,0.07,4604,1.75,21968,8.96,37,1.4,92,3.55,14.02,0.14,14021.66,141.02
"Nevada","Nevada","32","00","32",,,227046,3146,1871,940813,227046,,,,,227046,22,22,227046,227046,227046,227046,3146,3146,3146,3146,7.77,0.11,7767.97,107.63,279228,4281,1247,1055021,279146,,,,,781,0.28,0.23,7222,2.66,49627,21.61,249,6.18,1123,35.56,9.55,0.15,9553.28,146.47,294047,4957,464,1119425,293980,,,,,232,0.08,0,2849,0.98,16500,5.94,75,1.54,689,16.14,10.06,0.17,10060.29,169.59,304131,5256,,,,,,,,332,0.11,0.13,1935,0.64,9807,3.33,41,0.79,284,5.71,10.41,0.18,10405.29,179.82,315438,5464,,,,,,,,0,0,0,2598,0.83,11307,3.72,42,0.77,208,3.96,10.79,0.19,10792.14,186.94,324262,5590,,,,,,,,514,0.16,0.07,1240,0.38,8824,2.8,27,0.49,126,2.31,11.09,0.19,11094.04,191.25,334255,5692,,,,,,,,543,0.16,0.19,3445,1.04,9993,3.08,28,0.49,102,1.82,11.44,0.19,11435.93,194.74,356401,5912,,,,,,,,0,0,0,7358,2.11,21638,6.46,95,1.63,215,3.77,12.19,0.2,12193.62,202.27,392052,6539,,,,,,,,1452,0.37,0.45,7917,2.06,33120,9.23,163,2.56,621,10.49,13.41,0.22,13413.35,223.72,422329,7166,,,,,,,,1010,0.24,0.22,5833,1.4,30277,7.72,151,2.15,627,9.59,14.45,0.25,14449.22,245.17
"New Hampshire","New Hampshire","33","00","33",,,44028,759,317,479590,44028,,,,,44028,3,3,44028,44028,44028,44028,759,759,759,759,3.28,0.06,3276.81,56.49,66058,1059,193,552619,66058,,,,,363,0.55,0.19,3290,5.24,20874,46.2,69,6.97,290,37.71,4.92,0.08,4916.41,78.82,75588,1170,90,575922,75588,,,,,164,0.22,0,1923,2.61,10226,15.65,16,1.39,128,12.28,5.63,0.09,5625.69,87.08,84539,1245,,,,,,,,363,0.43,0.57,2500,3.05,8736,11.52,16,1.3,75,6.41,6.29,0.09,6291.87,92.66,95163,1304,,,,,,,,277,0.29,0.08,1621,1.73,10624,12.57,22,1.72,59,4.74,7.08,0.1,7082.57,97.05,98767,1353,,,,,,,,41,0.04,0,339,0.34,3390,3.55,9,0.67,48,3.68,7.35,0.1,7350.8,100.7,99527,1372,,,,,,,,23,0.02,0,135,0.14,760,0.77,3,0.22,19,1.4,7.41,0.1,7407.37,102.11,100657,1387,,,,,,,,0,0,0,505,0.5,1102,1.11,2,0.14,15,1.09,7.49,0.1,7491.47,103.23,108021,1420,,,,,,,,332,0.31,0.21,2138,2.02,7035,6.97,12,0.85,33,2.38,8.04,0.11,8039.54,105.68,120763,1481,,,,,,,,495,0.41,0,3309,2.82,12742,11.8,9,0.61,61,4.3,8.99,0.11,8987.87,110.22
"New Jersey","New Jersey","34","00","34",,,484882,19160,3625,7309853,532903,,,,,484882,8,8,484882,484882,484882,484882,19160,19160,19160,19160,5.46,0.22,5459.25,215.72,700346,21513,2865,8867312,700346,,,,,3515,0.5,0.13,33395,5.01,209953,42.81,541,2.58,2326,12.12,7.89,0.24,7885.14,242.21,792496,23273,1865,9868082,792496,,,,,3142,0.4,0.09,23387,3.04,99953,14.43,399,1.74,1818,8.47,8.92,0.26,8922.65,262.03,914420,24591,,,,,,,,5608,0.62,0.26,32540,3.69,118635,14.91,261,1.07,1270,5.45,10.3,0.28,10295.38,276.87,998811,25588,,,,,,,,1589,0.16,0.13,2614,0.26,84391,9.23,221,0.87,997,4.05,11.25,0.29,11245.54,288.09,1016490,26219,,,,,,,,158,0.02,0.03,1911,0.19,16481,1.65,107,0.41,619,2.42,11.44,0.3,11444.58,295.2,1023613,26463,,,,,,,,218,0.02,0.04,1519,0.15,7123,0.7,46,0.17,244,0.93,11.52,0.3,11524.78,297.94,1040281,26607,,,,,,,,928,0.09,0.02,6569,0.64,16358,1.6,32,0.12,139,0.53,11.71,0.3,11712.44,299.57,1094249,26902,,,,,,,,2283,0.21,0.07,14349,1.33,53090,5.1,106,0.4,296,1.11,12.32,0.3,12320.06,302.89,1156243,27443,,,,,,,,1673,0.14,0.06,12388,1.08,61994,5.67,136,0.5,541,2.01,13.02,0.31,13018.05,308.98
"New Mexico","New Mexico","35","00","35",,,144142,2504,791,,144142,,,,,144142,12,12,144142,144142,144142,144142,2504,2504,2504,2504,6.89,0.12,6888.72,119.67,174550,3297,477,,174550,,,,,486,0.28,0.37,4854,2.86,29171,20.07,138,4.37,761,30.01,8.34,0.16,8341.96,157.57,185297,3731,186,,185297,,,,,165,0.09,0.4,2274,1.24,11758,6.78,94,2.58,464,14.2,8.86,0.18,8855.57,178.31,191946,3944,,,,,,,,294,0.15,0.13,1455,0.76,6404,3.45,26,0.66,202,5.4,9.17,0.19,9173.34,188.49,197733,4069,,,,,,,,0,0,0,1512,0.77,5787,3.01,43,1.07,125,3.17,9.45,0.19,9449.9,194.46,203151,4266,,,,,,,,330,0.16,0.02,746,0.37,5418,2.74,13,0.31,197,4.84,9.71,0.2,9708.84,203.88,205629,4345,,,,,,,,87,0.04,0.07,414,0.2,2478,1.22,9,0.21,79,1.85,9.83,0.21,9827.26,207.65,210416,4412,,,,,,,,0,0,0,1929,0.93,4701,2.29,13,0.3,66,1.52,10.06,0.21,10056.04,210.85,233487,4531,,,,,,,,873,0.38,0.24,5851,2.57,21995,10.4,41,0.91,115,2.6,11.16,0.22,11158.63,216.54,253815,4814,,,,,,,,791,0.31,0.23,5027,2.02,20328,8.71,63,1.33,283,6.25,12.13,0.23,12130.13,230.07
"New York","New York","36","00","36",,,996073,37733,7886,,990711,,,,,996073,49,49,996073,996073,996073,996073,37733,37733,37733,37733,5.08,0.19,5077.22,192.33,1429096,43354,8003,,1419164,,,,,8932,0.63,0.41,81172,6.02,417174,41.23,1264,3,5500,14.53,7.28,0.22,7284.45,220.99,1650560,47247,5307,,1636680,,,,,6436,0.39,0.22,52334,3.27,241605,17.15,793,1.71,4251,9.89,8.41,0.24,8413.3,240.83,1880768,49872,,,,,,,,9173,0.49,0.16,57166,3.13,223827,13.51,567,1.15,2527,5.34,9.59,0.25,9586.73,254.21,2050174,51791,,,,,,,,3852,0.19,0.12,24917,1.23,169406,9.01,372,0.72,1919,3.85,10.45,0.26,10450.23,263.99,2101111,52784,,,,,,,,478,0.02,0.05,5673,0.27,48084,2.34,146,0.28,954,1.84,10.71,0.27,10709.87,269.05,2113544,53107,,,,,,,,397,0.02,0.02,2299,0.11,12433,0.59,55,0.1,323,0.61,10.77,0.27,10773.24,270.7,2151035,53274,,,,,,,,2590,0.12,0.02,15959,0.75,37017,1.75,46,0.09,165,0.31,10.96,0.27,10964.35,271.55,2280354,53875,,,,,,,,4126,0.18,0.05,33946,1.51,127111,5.9,184,0.34,594,1.11,11.62,0.27,11623.52,274.61,2430353,54976,,,,,,,,5818,0.24,0.08,34473,1.44,149999,6.58,274,0.5,1101,2.04,12.39,0.28,12388.1,280.23
"North Carolina","North Carolina","37","00","37",,,543976,6819,3472,,539545,,,,,543976,46,46,543976,543976,543976,543976,6819,6819,6819,6819,5.36,0.07,5356.4,67.15,763358,9397,2781,,761302,,,,,5200,0.69,0.17,39204,5.41,203416,36.33,620,7.06,2464,35.54,7.52,0.09,7516.6,92.53,862880,11286,1319,,862170,,,,,3353,0.39,0.4,16796,1.99,114932,15.37,310,2.82,2071,22.47,8.5,0.11,8496.57,111.13,917474,12160,,,,,,,,2018,0.22,0.19,12809,1.42,52818,6.11,135,1.12,840,7.42,9.03,0.12,9034.15,119.74,970673,12677,,,,,,,,74,0.01,0.01,12703,1.33,53199,5.8,124,0.99,517,4.25,9.56,0.12,9557.98,124.83,1003793,13118,,,,,,,,1900,0.19,0.13,4451,0.45,33120,3.41,91,0.7,441,3.48,9.88,0.13,9884.11,129.17,1014967,13447,,,,,,,,285,0.03,-0.02,2084,0.21,11174,1.11,21,0.16,329,2.51,9.99,0.13,9994.14,132.41,1049288,13651,,,,,,,,0,0,0,16602,1.61,33925,3.34,65,0.48,204,1.52,10.33,0.13,10332.09,134.42,1222452,14546,,,,,,,,6997,0.58,0.42,48637,4.14,165248,15.63,322,2.26,865,6.32,12.04,0.14,12037.19,143.23,1402049,16625,,,,,,,,4520,0.32,0.51,30902,2.25,179597,14.69,499,3.09,2079,14.29,13.81,0.16,13805.64,163.7
"North Dakota","North Dakota","38","00","38",,,92777,1316,94,285028,92495,,,,,92777,43,43,92777,92777,92777,92777,1316,1316,1316,1316,12.33,0.17,12334.07,174.95,97708,1447,47,296487,97683,,,,,53,0.05,0,809,0.83,4810,5.18,11,0.77,130,9.87,12.99,0.19,12989.61,192.37,99882,1475,25,305019,99852,,,,,43,0.04,0,540,0.54,2295,2.35,7,0.48,28,1.94,13.28,0.2,13278.63,196.09,103331,1498,,,,,,,,208,0.2,0,1101,1.08,3344,3.34,1,0.07,21,1.42,13.74,0.2,13737.15,199.15,107670,1525,,,,,,,,166,0.15,0.13,983,0.92,4339,4.2,8,0.53,27,1.8,14.31,0.2,14313.99,202.74,109993,1543,,,,,,,,18,0.02,0,250,0.23,2254,2.09,6,0.39,18,1.18,14.62,0.21,14622.82,205.13,110749,1559,,,,,,,,11,0.01,0,91,0.08,756,0.69,1,0.06,16,1.04,14.72,0.21,14723.33,207.26,111705,1570,,,,,,,,30,0.03,0,447,0.4,945,0.85,1,0.06,11,0.71,14.85,0.21,14850.42,208.72,117987,1593,,,,,,,,458,0.39,0.06,2287,1.98,6257,5.6,6,0.38,23,1.46,15.69,0.21,15685.57,211.78,132842,1645,,,,,,,,650,0.49,0,4256,3.31,14855,12.59,14,0.86,52,3.26,17.66,0.22,17660.44,218.69
"Ohio","Ohio","39","00","39",,,700380,8962,4367,,700380,,,,,700380,32,32,700380,700380,700380,700380,8962,8962,8962,8962,6.02,0.08,6016.04,76.98,899079,11233,2521,,899079,,,,,3287,0.37,0.49,30423,3.5,184406,25.8,465,4.32,2216,24.58,7.72,0.1,7722.8,96.49,968874,17348,1181,,968847,,,,,1452,0.15,0.28,13496,1.41,76093,8.52,474,2.81,6224,55.95,8.32,0.15,8322.32,149.01,1020041,18609,,,,,,,,2475,0.24,0,13870,1.38,49458,5.1,227,1.23,1859,11.1,8.76,0.16,8761.82,159.85,1074019,19284,,,,,,,,1707,0.16,0,10586,1,53978,5.29,162,0.85,675,3.63,9.23,0.17,9225.48,165.64,1102556,19861,,,,,,,,622,0.06,0,3962,0.36,27552,2.56,108,0.55,577,2.99,9.47,0.17,9470.6,170.6,1111903,20309,,,,,,,,579,0.05,0,1903,0.17,9347,0.85,96,0.47,448,2.26,9.55,0.17,9550.89,174.45,1130134,20492,,,,,,,,857,0.08,0,8030,0.72,18046,1.62,25,0.12,148,0.73,9.71,0.18,9707.49,176.02,1228002,20866,,,,,,,,7102,0.58,0,35524,2.98,96973,8.57,137,0.66,374,1.83,10.55,0.18,10548.14,179.23,1420206,22273,,,,,,,,6234,0.44,1.49,39836,2.89,192204,15.65,453,2.08,1407,6.74,12.2,0.19,12199.11,191.32
"Oklahoma","Oklahoma","40","00","40",,,290936,2489,1910,2394318,290936,,,,,290936,36,36,290936,290936,290936,290936,2489,2489,2489,2489,7.43,0.06,7425.37,63.53,390868,3564,1184,2795341,390868,,,,,1396,0.36,0.48,16015,4.27,94813,32.03,271,8.23,1037,41.04,9.98,0.09,9975.86,90.96,424888,4478,484,3084829,424888,,,,,380,0.09,1.13,5035,1.2,38298,9.91,275,6.54,974,27.8,10.84,0.11,10844.13,114.29,438777,4953,,,,,,,,413,0.09,0,2273,0.52,13778,3.24,103,2.12,419,9.24,11.2,0.13,11198.61,126.41,448305,6788,,,,,,,,0,0,0,1755,0.39,9528,2.17,72,1.07,1835,37.05,11.44,0.17,11441.79,173.25,453243,7291,,,,,,,,71,0.02,0,866,0.19,4938,1.1,373,5.39,503,7.41,11.57,0.19,11567.82,186.08,458150,7388,,,,,,,,299,0.07,0,1464,0.32,4907,1.08,4,0.05,97,1.33,11.69,0.19,11693.06,188.56,480635,7485,,,,,,,,0,0,0,9459,2.01,22152,4.83,31,0.42,97,1.31,12.27,0.19,12266.93,191.03,554496,8001,,,,,,,,2538,0.46,2.42,19574,3.66,68264,14.04,189,2.42,516,6.89,14.15,0.2,14152.03,204.2,615217,8949,,,,,,,,1452,0.24,0,10826,1.79,60721,10.95,234,2.69,948,11.85,15.7,0.23,15701.77,228.4
"Oregon","Oregon","41","00","41",,,115377,1501,524,,113909,,,,,115377,7,7,115377,115377,115377,115377,1501,1501,1501,1501,2.83,0.04,2826.52,36.77,143373,1980,320,,142416,,,,,956,0.67,0.41,4786,3.45,27025,23.23,88,4.65,477,31.74,3.51,0.05,3512.37,48.51,155873,2222,177,,155597,,,,,276,0.18,0.18,2734,1.79,13456,9.45,56,2.59,250,12.68,3.82,0.05,3818.6,54.43,165524,2398,,,,,,,,511,0.31,0.08,2646,1.62,9436,6.05,17,0.71,167,7.49,4.06,0.06,4055.03,58.75,185621,2514,,,,,,,,783,0.42,0.12,5691,3.16,20097,12.14,18,0.72,116,4.84,4.55,0.06,4547.37,61.59,201701,2703,,,,,,,,140,0.07,0.11,2293,1.15,15357,8.24,49,1.85,187,7.43,4.94,0.07,4941.3,66.22,208900,2808,,,,,,,,220,0.11,0.18,1283,0.62,7199,3.57,17,0.61,105,3.88,5.12,0.07,5117.66,68.79,219755,2886,,,,,,,,0,0,0,4886,2.27,10673,5.1,19,0.66,75,2.67,5.38,0.07,5383.59,70.7,279087,3233,,,,,,,,2800,1.01,0.69,15923,6.05,57288,25.83,130,4.19,343,11.87,6.84,0.08,6837.11,79.2,331709,3815,,,,,,,,1655,0.5,0.63,10719,3.34,52622,18.86,133,3.61,582,18,8.13,0.09,8126.25,93.46
"Pennsylvania","Pennsylvania","42","00","42",,,652952,16247,5624,3275205,648039,,,,,652952,17,17,652952,652952,652952,652952,16247,16247,16247,16247,5.1,0.13,5104.7,127.02,851911,21741,3280,3646648,846078,,,,,3667,0.43,0.12,38246,4.7,190180,28.74,1077,5.21,5471,33.63,6.66,0.17,6660.14,169.97,938308,24065,1715,3889842,933270,,,,,2397,0.26,0.04,18283,1.99,93789,11.11,408,1.72,2407,11.11,7.34,0.19,7335.59,188.14,1034263,25179,,,,,,,,3848,0.37,0.12,28759,2.86,93452,9.93,207,0.83,1044,4.33,8.09,0.2,8085.75,196.85,1158964,26307,,,,,,,,2718,0.24,0.12,23061,2.03,124701,12.06,274,1.05,1128,4.48,9.06,0.21,9060.65,205.67,1207596,27270,,,,,,,,841,0.07,0.01,5430,0.45,46412,4,133,0.49,943,3.58,9.44,0.21,9440.85,213.19,1216965,27684,,,,,,,,386,0.03,-0.15,1230,0.1,9369,0.78,9,0.03,414,1.52,9.51,0.22,9514.09,216.43,1230824,27855,,,,,,,,1822,0.15,0.02,6383,0.52,13709,1.13,28,0.1,163,0.59,9.62,0.22,9622.44,217.77,1303699,28235,,,,,,,,3331,0.26,0,22500,1.76,71461,5.8,104,0.37,378,1.36,10.19,0.22,10192.17,220.74,1435292,29437,,,,,,,,5352,0.37,0.13,32466,2.31,131593,10.09,373,1.28,1202,4.26,11.22,0.23,11220.95,230.14
"Rhode Island","Rhode Island","44","00","44",,,87949,1777,426,551028,90404,,,,,87949,51,51,87949,87949,87949,87949,1777,1777,1777,1777,8.32,0.17,8323.69,168.18,115956,2173,316,628794,115956,,,,,1518,1.33,0.88,4202,3.76,28007,31.84,63,2.99,396,22.28,10.97,0.21,10974.33,205.66,126588,2517,162,669132,126588,,,,,966,0.77,0.6,2608,2.1,12150,10.62,51,2.07,363,16.85,11.98,0.24,11980.57,238.21,137848,2624,,,,,,,,519,0.38,0.19,2558,1.89,10999,8.67,17,0.65,99,3.92,13.05,0.25,13046.24,248.34,148186,2671,,,,,,,,0,0,0,1862,1.27,10338,7.5,11,0.41,47,1.79,14.02,0.25,14024.65,252.79,151844,2712,,,,,,,,101,0.07,0.15,342,0.23,3658,2.47,5,0.18,41,1.54,14.37,0.26,14370.85,256.67,152618,2730,,,,,,,,5,0,0,117,0.08,774,0.51,3,0.11,18,0.66,14.44,0.26,14444.1,258.37,154339,2740,,,,,,,,0,0,0,892,0.58,1696,1.11,1,0.04,10,0.37,14.61,0.26,14606.98,259.32,162969,2772,,,,,,,,352,0.22,0.07,2021,1.26,8179,5.28,12,0.43,32,1.17,15.42,0.26,15423.75,262.35,172719,2838,,,,,,,,358,0.21,0,2019,1.18,9750,5.98,15,0.53,66,2.38,16.35,0.27,16346.51,268.59
"South Carolina","South Carolina","45","00","45",,,307507,5296,2025,2865514,307507,,,,,307507,53,53,307507,307507,307507,307507,5296,5296,5296,5296,6.2,0.11,6204.84,106.86,445916,7283,1842,3812877,445916,,,,,2530,0.57,3.42,24499,5.81,133198,42.59,731,11.16,1898,35.25,9,0.15,8997.63,146.96,517976,8562,725,4535334,517976,,,,,1153,0.22,0.19,12387,2.45,78191,17.78,230,2.76,1548,22.07,10.45,0.17,10451.65,172.76,552681,9174,,,,,,,,1051,0.19,0.31,7427,1.36,33858,6.53,91,1,598,6.97,11.15,0.19,11151.92,185.11,579556,9506,,,,,,,,897,0.16,0.09,5330,0.93,26875,4.86,92,0.98,332,3.62,11.69,0.19,11694.2,191.81,593262,9736,,,,,,,,0,0,0,1737,0.29,12989,2.24,31,0.32,216,2.27,11.97,0.2,11970.76,196.45,597021,9826,,,,,,,,181,0.03,0.07,989,0.17,3759,0.63,21,0.21,90,0.92,12.05,0.2,12046.61,198.27,617148,9904,,,,,,,,0,0,0,10315,1.7,19887,3.33,26,0.26,74,0.75,12.45,0.2,12452.73,199.84,740634,10684,,,,,,,,5347,0.73,0.81,37740,5.37,116687,18.7,327,3.16,769,7.76,14.94,0.22,14944.42,215.58,860369,12570,,,,,,,,2983,0.35,0.79,18769,2.23,119735,16.17,490,4.06,1886,17.65,17.36,0.25,17360.41,253.64
"South Dakota","South Dakota","46","00","46",,,99164,1488,297,273476,99164,,,,,99164,19,19,99164,99164,99164,99164,1488,1488,1488,1488,11.47,0.17,11473.48,172.16,108315,1778,126,294568,108315,,,,,65,0.06,0,1135,1.06,8486,8.5,73,4.28,277,18.45,12.53,0.21,12532.27,205.72,112470,1888,92,310347,112470,,,,,43,0.04,0,1136,1.02,4400,4.07,25,1.34,113,6.37,13.01,0.22,13013.01,218.45,117989,1938,,,,,,,,230,0.2,0.16,1365,1.17,5337,4.74,11,0.57,50,2.65,13.65,0.22,13651.57,224.23,122660,1967,,,,,,,,0,0,0,674,0.55,4671,3.96,9,0.46,29,1.5,14.19,0.23,14192.01,227.59,124191,2014,,,,,,,,0,0,0,168,0.14,1531,1.25,10,0.5,47,2.39,14.37,0.23,14369.15,233.02,124561,2038,,,,,,,,25,0.02,0.15,83,0.07,370,0.3,9,0.44,24,1.19,14.41,0.24,14411.96,235.8,125216,2043,,,,,,,,0,0,0,268,0.21,634,0.51,2,0.1,5,0.25,14.49,0.24,14487.75,236.38,132837,2069,,,,,,,,578,0.44,0,2971,2.29,7621,6.09,10,0.49,26,1.27,15.37,0.24,15369.51,239.39,145474,2145,,,,,,,,456,0.31,0.14,2674,1.87,12637,9.51,20,0.94,76,3.67,16.83,0.25,16831.64,248.18
"Tennessee","Tennessee","47","00","47",,,572579,6846,3378,,586802,,,,,572579,20,20,572579,572579,572579,572579,6846,6846,6846,6846,8.61,0.1,8608.8,102.93,715439,9660,1682,,729187,,,,,2149,0.3,1.08,19504,2.8,126033,21.38,773,8.7,2752,39.84,10.76,0.15,10756.72,145.24,761891,11327,1009,,775693,,,,,659,0.09,0.09,9075,1.21,51143,7.2,268,2.42,1844,19.45,11.46,0.17,11455.13,170.3,799226,11809,,,,,,,,1695,0.21,0.09,7789,0.98,36262,4.75,117,1,467,4.12,12.02,0.18,12016.47,177.55,832906,12100,,,,,,,,53,0.01,0,6298,0.76,33680,4.21,55,0.46,291,2.46,12.52,0.18,12522.85,181.93,848552,12356,,,,,,,,532,0.06,0.12,1661,0.2,15617,1.87,56,0.46,256,2.12,12.76,0.19,12758.09,185.77,854430,12472,,,,,,,,219,0.03,0.05,729,0.09,5878,0.69,30,0.24,116,0.94,12.85,0.19,12846.47,187.52,879858,12638,,,,,,,,0,0,0,12409,1.43,25202,2.95,58,0.46,155,1.24,13.23,0.19,13228.78,190.01,1041816,13410,,,,,,,,9382,0.91,0.24,55826,5.66,155380,17.53,278,2.12,746,5.89,15.66,0.2,15663.84,201.62,1203531,15082,,,,,,,,3267,0.27,0.37,21840,1.85,161715,15.52,375,2.55,1672,12.47,18.1,0.23,18095.25,226.76
"Texas","Texas","48","00","48",,,1778306,28434,12481,,1772483,,,,,1778306,28,28,1778306,1778306,1778306,1778306,28434,28434,28434,28434,6.38,0.1,6377.24,101.97,2412150,37405,11074,,2392443,,,,,39190,1.65,0.44,143890,6.34,619787,34.58,2169,6.16,8897,31.21,8.65,0.13,8650.29,134.14,2658389,44078,5611,,2647845,,,,,8106,0.31,0.29,53679,2.06,297805,12.62,1594,3.75,6982,18.82,9.53,0.16,9533.33,158.07,2793685,48651,,,,,,,,3655,0.13,0.23,25565,0.92,128119,4.81,661,1.38,4298,9.69,10.02,0.17,10018.52,174.47,2891264,50455,,,,,,,,2012,0.07,0.1,22989,0.8,97579,3.49,368,0.73,1804,3.71,10.37,0.18,10368.46,180.94,2948635,51689,,,,,,,,702,0.02,0.03,6699,0.23,56131,1.94,236,0.46,1219,2.42,10.57,0.19,10574.2,185.36,2995274,52554,,,,,,,,1310,0.04,0.07,10245,0.34,46639,1.58,158,0.3,865,1.67,10.74,0.19,10741.45,188.47,3135695,53420,,,,,,,,3347,0.11,0.03,64598,2.1,138543,4.62,264,0.5,823,1.56,11.25,0.19,11245.02,191.57,3630865,57533,,,,,,,,26427,0.73,0.57,119418,3.4,486925,15.49,1566,2.8,4083,7.64,13.02,0.21,13020.76,206.32,4069475,65858,,,,,,,,9519,0.23,0.5,70083,1.75,438610,12.08,1842,2.88,8325,14.47,14.59,0.24,14593.68,236.18
"Utah","Utah","49","00","49",,,276612,1273,565,1302491,276612,,,,,276612,50,50,276612,276612,276612,276612,1273,1273,1273,1273,9.08,0.04,9083.09,41.8,347210,1669,488,1438206,347208,,,,,586,0.17,0.24,9941,2.95,65463,23.23,70,4.38,375,28.98,11.4,0.05,11401.32,54.8,371548,1940,238,1538003,371492,,,,,257,0.07,0.26,4418,1.2,26118,7.56,87,4.7,276,16.59,12.2,0.06,12200.5,63.7,386188,2125,,,,,,,,488,0.13,0.14,2928,0.76,14153,3.8,36,1.72,176,9.03,12.68,0.07,12681.24,69.78,397798,2203,,,,,,,,410,0.1,0.05,2584,0.65,11610,3.01,23,1.06,78,3.67,13.06,0.07,13062.47,72.34,406352,2302,,,,,,,,112,0.03,0,1472,0.36,8275,2.08,10,0.44,98,4.45,13.34,0.08,13343.36,75.59,415750,2375,,,,,,,,540,0.13,0.17,2672,0.65,9398,2.31,38,1.63,73,3.17,13.65,0.08,13651.96,77.99,432539,2451,,,,,,,,0,0,0,6050,1.42,16358,3.93,26,1.07,73,3.07,14.2,0.08,14203.26,80.48,466188,2640,,,,,,,,1686,0.36,0.23,9012,1.97,31405,7.22,35,1.34,174,7.06,15.31,0.09,15308.19,86.69,510308,2943,,,,,,,,1715,0.34,0.38,9516,1.9,44120,9.46,74,2.58,303,11.48,16.76,0.1,16756.96,96.64
"Vermont","Vermont","50","00","50",,,7412,136,31,255684,7412,,,,,7412,21,21,7412,7412,7412,7412,136,136,136,136,1.19,0.02,1185.96,21.76,12083,175,67,293874,12083,,,,,118,0.99,0.57,918,8.22,4394,57.15,4,2.34,36,25.9,1.93,0.03,1933.35,28,15284,205,29,316758,15284,,,,,86,0.57,0.49,676,4.63,3453,29.19,7,3.54,32,18.5,2.45,0.03,2445.53,32.8,19523,227,,,,,,,,248,1.29,0,1308,7.18,4151,27,4,1.79,21,10.19,3.12,0.04,3123.79,36.32,23032,247,,,,,,,,80,0.35,0.41,553,2.46,3509,17.97,3,1.23,20,8.81,3.69,0.04,3685.26,39.52,24224,255,,,,,,,,4,0.02,0,88,0.36,1098,4.75,0,0,8,3.24,3.88,0.04,3875.98,40.8,24412,257,,,,,,,,2,0.01,0.39,27,0.11,188,0.78,1,0.39,2,0.78,3.91,0.04,3906.06,41.12,24889,260,,,,,,,,0,0,0,213,0.86,470,1.92,1,0.39,2,0.78,3.98,0.04,3982.39,41.6,28399,277,,,,,,,,199,0.71,0.36,1044,3.82,3361,13.42,6,2.21,17,6.54,4.54,0.04,4544.01,44.32,33852,318,,,,,,,,190,0.56,0.32,1242,3.81,5453,19.2,14,4.61,41,14.8,5.42,0.05,5416.52,50.88
"Virginia","Virginia","51","00","51",,,354766,5081,2754,,354766,,,,,354766,14,14,354766,354766,354766,354766,5081,5081,5081,5081,4.22,0.06,4216.49,60.39,507640,6474,2446,,507640,,,,,2861,0.57,0.15,29021,6.06,148885,41.5,393,6.46,1357,26.52,6.03,0.08,6033.44,76.95,577174,8783,1321,,577174,,,,,1124,0.2,2.7,11904,2.11,74953,14.92,1297,17.33,2334,36.19,6.86,0.1,6859.87,104.39,620801,10268,,,,,,,,1825,0.29,0.16,10538,1.73,42242,7.3,121,1.19,1325,14.82,7.38,0.12,7378.39,122.04,660553,10777,,,,,,,,963,0.15,0.06,7227,1.11,39752,6.4,102,0.96,509,4.96,7.85,0.13,7850.85,128.09,675597,11194,,,,,,,,59,0.01,0.07,1838,0.27,14283,2.16,57,0.51,403,3.73,8.03,0.13,8029.65,133.04,680564,11419,,,,,,,,224,0.03,0.04,1234,0.18,4967,0.74,41,0.36,225,2.01,8.09,0.14,8088.69,135.72,694384,11532,,,,,,,,0,0,0,6084,0.88,13640,2,32,0.28,109,0.95,8.25,0.14,8252.94,137.06,769842,11861,,,,,,,,3407,0.44,0.16,22201,2.97,71903,10.3,146,1.25,327,2.84,9.15,0.14,9149.78,140.97,869328,12806,,,,,,,,2552,0.29,0.44,19463,2.29,99486,12.92,295,2.36,945,7.97,10.33,0.15,10332.2,152.2
"Washington","Washington","53","00","53",,,251585,3523,1138,,246752,,,,,251585,29,29,251585,251585,251585,251585,3523,3523,3523,3523,3.45,0.05,3449.05,48.3,317703,4404,797,,311597,,,,,1934,0.61,0.8,11214,3.66,64413,25.43,183,4.34,880,24.97,4.36,0.06,4355.48,60.38,343723,5038,498,,339773,,,,,1079,0.31,0.28,5414,1.6,28275,8.96,114,2.32,670,15.34,4.71,0.07,4712.19,69.07,368049,5316,,,,,,,,1142,0.31,0.13,6749,1.87,23533,6.83,30,0.57,260,5.14,5.05,0.07,5045.68,72.88,406546,5547,,,,,,,,1574,0.39,0,9656,2.43,38497,10.46,69,1.26,231,4.35,5.57,0.08,5573.45,76.05,438918,5833,,,,,,,,1418,0.32,0.41,6428,1.49,32259,7.93,66,1.14,286,5.16,6.02,0.08,6017.24,79.97,454087,5992,,,,,,,,457,0.1,0.13,2527,0.56,15169,3.46,53,0.89,159,2.73,6.23,0.08,6225.2,82.15,474520,6165,,,,,,,,0,0,0,7031,1.5,20036,4.41,41,0.67,171,2.85,6.51,0.08,6505.32,84.52,568881,6671,,,,,,,,4094,0.72,0.5,24258,4.45,91529,19.17,165,2.54,502,8.14,7.8,0.09,7798.94,91.45,663560,7824,,,,,,,,3093,0.47,0.57,20377,3.17,94679,16.64,287,3.81,1153,17.28,9.1,0.11,9096.92,107.26
"West Virginia","West Virginia","54","00","54",,,87820,1361,809,,87820,,,,,87820,26,26,87820,87820,87820,87820,1361,1361,1361,1361,4.8,0.07,4801.39,74.41,121425,2028,438,,121425,,,,,424,0.35,0.2,5586,4.82,32098,35.93,129,6.79,655,47.71,6.64,0.11,6638.68,110.88,132048,2300,225,,132048,,,,,193,0.15,0,2194,1.69,11708,9.73,37,1.63,285,14.14,7.22,0.13,7219.47,125.75,142233,2683,,,,,,,,495,0.35,0.26,2982,2.14,10049,7.6,59,2.25,382,16.6,7.78,0.15,7776.31,146.69,153498,2679,,,,,,,,370,0.24,0,2430,1.61,11265,7.92,-138,-4.9,-4,-0.15,8.39,0.15,8392.21,146.47,161858,2797,,,,,,,,571,0.35,0.18,1271,0.79,7940,5.16,15,0.54,111,4.13,8.85,0.15,8849.27,152.92,164097,2897,,,,,,,,56,0.03,0.21,353,0.22,2239,1.38,21,0.73,100,3.58,8.97,0.16,8971.69,158.39,167016,2946,,,,,,,,0,0,0,1314,0.79,2867,1.75,10,0.34,47,1.62,9.13,0.16,9131.28,161.07,191156,3106,,,,,,,,1466,0.77,0.71,9250,5.09,23475,14,70,2.31,157,5.32,10.45,0.17,10451.09,169.81,242104,3722,,,,,,,,1645,0.68,1.42,10436,4.5,50948,26.65,199,5.65,616,19.83,13.24,0.2,13236.57,203.49
"Wisconsin","Wisconsin","55","00","55",,,522523,5257,1074,2357057,522523,,,,,522523,39,39,522523,522523,522523,522523,5257,5257,5257,5257,9.04,0.09,9042.7,90.98,592921,6439,697,2510670,592921,,,,,781,0.13,0.03,10444,1.79,69269,13.23,236,3.8,1180,22.44,10.26,0.11,10261,111.43,617700,7019,287,2629622,617700,,,,,320,0.05,0,4987,0.81,26703,4.52,143,2.08,586,9.11,10.69,0.12,10689.82,121.47,637117,7327,,,,,,,,867,0.14,0.15,4786,0.76,18807,3.04,59,0.81,272,3.86,11.03,0.13,11025.85,126.8,661414,7569,,,,,,,,752,0.11,0.25,5211,0.79,24297,3.81,95,1.27,242,3.3,11.45,0.13,11446.33,130.99,674693,7875,,,,,,,,63,0.01,0.24,1457,0.22,12803,1.93,115,1.48,308,4.07,11.68,0.14,11676.13,136.28,677952,8134,,,,,,,,119,0.02,0.07,554,0.08,3259,0.48,42,0.52,259,3.29,11.73,0.14,11732.53,140.77,687382,8290,,,,,,,,0,0,0,5106,0.75,9315,1.37,50,0.61,155,1.91,11.9,0.14,11895.73,143.47,736432,8496,,,,,,,,2275,0.31,0.4,13828,1.91,46975,6.81,80,0.95,201,2.42,12.74,0.15,12744.58,147.03,814364,8901,,,,,,,,3982,0.49,0.15,20383,2.57,77932,10.58,107,1.22,405,4.77,14.09,0.15,14093.26,154.04
"Wyoming","Wyoming","56","00","56",,,44409,438,113,159528,44409,,,,,44409,5,5,44409,44409,44409,44409,438,438,438,438,7.63,0.08,7632.56,75.28,52057,596,53,173379,52057,,,,,145,0.28,0,995,1.95,7484,16.79,25,4.38,158,36.07,8.95,0.1,8947.02,102.43,54471,671,28,181196,54471,,,,,77,0.14,0,571,1.06,2767,5.35,9,1.36,75,12.58,9.36,0.12,9361.92,115.32,56389,700,,,,,,,,79,0.14,0,469,0.84,1862,3.41,5,0.72,18,2.64,9.69,0.12,9691.56,120.31,58142,707,,,,,,,,0,0,0,446,0.77,1753,3.11,2,0.28,7,1,9.99,0.12,9992.85,121.51,60364,720,,,,,,,,220,0.37,0.14,494,0.83,2222,3.82,1,0.14,13,1.84,10.37,0.12,10374.74,123.75,62353,747,,,,,,,,63,0.1,0,506,0.82,1989,3.3,7,0.95,27,3.75,10.72,0.13,10716.59,128.39,65127,776,,,,,,,,0,0,0,876,1.36,2682,4.29,10,1.31,29,3.88,11.19,0.13,11193.36,133.37,76007,858,,,,,,,,871,1.16,0,3479,4.8,10540,16.1,23,2.75,82,10.57,13.06,0.15,13063.3,147.46,91169,996,,,,,,,,567,0.63,0,3303,3.76,15162,19.95,41,4.29,138,16.08,15.67,0.17,15669.19,171.18
"American Samoa","American Samoa","60","00","60",,,,,,,,,,,,,,,,,,,,,,,,,,,,,,,,,,,,,,,,,,,,,,,,,,,,,,,,,,,,,,,,,,,,,,,,,,,,,,,,,,,,,,,,,,,,,,,,,,,,,,,,,,,,,,,,,,,,,,,,,,,,,,,,,,,,,,,,,,,,,,,,,,,,,,,,,,,,,,,,,,,,,,,,,,,,,,,,,,,,,,,,,,,,,,,,,,,,,,,,,,,,,,,,,,,,,,,,,,,1,0,,,,,,,,0,0,0,0,0,0,,0,,0,,,,,
"Guam","Guam","66","00","66",,,8295,123,13,88875,7326,,,,,8295,10,10,8295,8295,8295,8295,123,123,123,123,,,,,8577,130,6,99764,7608,,,,,21,0.25,0,54,0.63,282,3.4,0,0,6,4.84,,,,,8706,132,3,109867,7737,,,,,1,0.01,0,10,0.11,151,1.77,1,0.76,2,1.54,,,,,8779,135,,,,,,,,3,0.03,0,16,0.18,68,0.78,0,0,3,2.27,,,,,8944,137,,,,,,,,11,0.12,0,64,0.72,165,1.88,0,0,2,1.48,,,,,9142,140,,,,,,,,17,0.19,0,32,0.35,198,2.21,0,0,3,2.19,,,,,9335,141,,,,,,,,9,0.1,0,50,0.54,193,2.11,1,0.71,1,0.71,,,,,9510,144,,,,,,,,0,0,0,40,0.42,168,1.8,0,0,3,2.13,,,,,11709,151,,,,,,,,181,1.57,0.67,981,9.14,2176,22.83,5,3.42,7,4.86,,,,,16137,199,,,,,,,,127,0.79,0.51,920,6.05,4428,37.82,14,7.57,48,31.79,,,,
"Northern Mariana Islands","Northern Mariana Islands","69","00","69",,,122,2,,17429,122,,,,,122,11,11,122,122,122,122,2,2,2,2,,,,,131,2,,17429,132,,,,,0,0,0,2,1.55,9,7.38,0,0,0,0,,,,,143,2,,17429,143,,,,,0,0,0,0,0,12,9.16,0,0,0,0,,,,,159,2,,,,,,,,0,0,0,0,0,16,11.19,0,0,0,0,,,,,168,2,,,,,,,,4,2.44,0,4,2.44,9,5.66,0,0,0,0,,,,,183,2,,,,,,,,0,0,0,2,1.1,15,8.93,0,0,0,0,,,,,183,2,,,,,,,,0,0,0,0,0,0,0,0,0,0,0,,,,,196,2,,,,,,,,0,0,0,6,3.16,13,7.1,0,0,0,0,,,,,241,2,,,,,,,,0,0,0,11,4.78,43,21.72,0,0,0,0,,,,,270,2,,,,,,,,1,0.37,0,5,1.89,29,12.03,0,0,0,0,,,,
"Puerto Rico","Puerto Rico","72","00","72",,,110669,1521,432,305972,77054,,,,,110669,13,13,110669,110669,110669,110669,1521,1521,1521,1521,3.27,0.04,3267.52,44.91,127853,1836,282,305972,94238,,,,,614,0.48,0.38,2642,2.11,16306,14.62,58,3.26,310,20.31,3.77,0.05,3774.88,54.21,134199,2037,155,305972,100584,,,,,287,0.21,0.05,1327,1,7178,5.65,54,2.72,214,11.74,3.96,0.06,3962.25,60.14,141085,2118,,,,,,,,365,0.26,0.24,2504,1.81,6735,5.01,15,0.71,78,3.82,4.17,0.06,4165.56,62.53,165571,2310,,,,,,,,519,0.31,0.3,4506,2.8,24486,17.36,47,2.08,192,9.07,4.89,0.07,4888.51,68.2,172372,2505,,,,,,,,67,0.04,0.12,674,0.39,6179,3.72,25,1.01,192,8.3,5.09,0.07,5089.31,73.96,173673,2549,,,,,,,,32,0.02,0,256,0.15,1301,0.75,5,0.2,44,1.76,5.13,0.08,5127.72,75.26,180601,2580,,,,,,,,769,0.43,0,3080,1.74,6880,3.96,12,0.47,30,1.18,5.33,0.08,5332.27,76.17,204597,2875,,,,,,,,530,0.26,0.52,5083,2.55,23331,12.87,97,3.49,294,11.39,6.04,0.08,6040.76,84.88,214897,3155,,,,,,,,95,0.04,0.19,1257,0.59,10300,5.03,38,1.22,280,9.74,6.34,0.09,6344.87,93.15
"Virgin Islands","Virgin Islands","78","00","78",,,2036,23,,34176,2036,,,,,2036,47,47,2036,2036,2036,2036,23,23,23,23,,,,,2421,24,,39454,2421,,,,,23,0.96,0,71,3.02,379,18.56,0,0,1,4.35,,,,,2646,25,,45225,2646,,,,,0,0,0,67,2.6,248,10.34,0,0,1,4.17,,,,,2907,26,,,,,,,,0,0,0,30,1.04,261,9.86,1,4,1,4,,,,,3125,27,,,,,,,,0,0,0,57,1.86,218,7.5,0,0,1,3.85,,,,,3465,27,,,,,,,,23,0.67,0,82,2.42,327,10.42,0,0,0,0,,,,,3895,30,,,,,,,,37,0.96,0,121,3.21,430,12.41,0,0,3,11.11,,,,,4514,36,,,,,,,,0,0,0,213,4.95,619,15.89,1,2.86,6,20,,,,,5934,56,,,,,,,,70,1.19,3.7,250,4.4,1305,28.19,5,9.8,19,51.35,,,,,6786,71,,,,,,,,65,0.97,0,229,3.49,852,14.36,2,2.9,15,26.79,,,,
